geometry,temp_C,coeff_Vmp_Voc,gmpp_V,gmpp_P_W,n_peaks,power_lost_frac,region_error,region_error_costly
whole_substring,25.0,0.8548,38.031,177.551,3,0.0437,False,True
whole_substring,25.0,0.5577,26.014,154.676,2,0.0199,False,True
sub_substring,60.0,0.5414,17.095,82.054,3,0.0025,False,False
sub_substring,45.0,0.8644,34.644,155.148,2,0.0519,False,True
whole_substring,60.0,0.5198,19.285,126.653,2,0.0055,False,False
whole_substring,25.0,0.8947,34.336,55.183,3,0.0069,True,False
sub_substring,45.0,0.5471,21.708,96.265,2,0.0056,False,False
uniform,60.0,0.82,20.954,23.679,1,0.0038,False,False
sub_substring,25.0,0.5633,24.819,84.872,3,0.0393,False,True
whole_substring,45.0,0.5415,21.742,150.611,2,0.0021,False,False
uniform,25.0,0.8177,36.823,218.026,1,0.0039,False,False
sub_substring,25.0,0.8825,39.761,204.667,3,0.0856,False,True
whole_substring,25.0,0.5565,24.277,158.284,3,0.0178,False,True
uniform,45.0,0.801,28.749,180.096,1,0.0,False,False
whole_substring,25.0,0.5576,24.708,133.591,2,0.0184,False,True
whole_substring,25.0,0.8744,38.546,142.592,3,0.0671,False,True
sub_substring,45.0,0.5181,21.142,142.942,2,0.0073,False,False
sub_substring,60.0,0.9179,28.849,63.381,3,0.058,True,True
whole_substring,45.0,0.5607,26.613,104.325,2,0.0219,False,True
sub_substring,25.0,0.5328,20.001,138.453,2,0.0,False,False
sub_substring,45.0,0.6049,19.698,55.579,3,0.0823,False,True
whole_substring,45.0,0.5435,18.994,111.986,2,0.0034,False,False
sub_substring,60.0,0.5484,16.427,101.17,2,0.0054,False,False
sub_substring,45.0,0.5839,24.033,80.215,3,0.0613,False,True
sub_substring,60.0,0.8631,31.211,75.579,2,0.0456,False,True
sub_substring,60.0,0.5525,25.137,123.797,2,0.0135,False,True
whole_substring,25.0,0.5611,19.702,98.91,3,0.0256,False,True
whole_substring,60.0,0.5512,21.322,149.662,3,0.0096,False,False
whole_substring,60.0,0.8469,25.722,50.649,2,0.0228,False,True
sub_substring,25.0,0.9038,30.809,70.606,2,0.033,True,True
sub_substring,60.0,0.8741,44.774,106.663,3,0.0722,False,True
uniform,25.0,0.8479,29.883,109.272,1,0.0237,False,True
whole_substring,60.0,0.8523,32.453,82.398,2,0.0343,False,True
whole_substring,60.0,0.5339,14.302,61.708,3,0.0,False,False
sub_substring,25.0,0.8619,18.098,55.592,2,0.0602,False,True
whole_substring,45.0,0.587,27.303,52.088,3,0.0157,True,True
whole_substring,60.0,0.5426,16.06,40.723,3,0.0027,False,False
sub_substring,25.0,0.5693,20.312,41.894,3,0.0371,False,True
whole_substring,60.0,0.8312,41.746,170.696,2,0.0128,False,True
whole_substring,25.0,0.5658,14.275,80.397,2,0.0272,False,True
sub_substring,60.0,0.9015,39.246,179.841,3,0.0454,True,True
whole_substring,60.0,0.8533,31.081,85.455,3,0.0378,False,True
whole_substring,60.0,0.8639,25.509,36.131,2,0.0472,False,True
uniform,25.0,0.8527,31.092,72.426,1,0.0268,False,True
sub_substring,45.0,0.8661,30.767,134.113,3,0.0565,False,True
whole_substring,60.0,0.8595,23.239,27.575,2,0.0418,False,True
whole_substring,60.0,0.5622,20.669,90.254,3,0.0233,False,True
whole_substring,60.0,0.5369,19.71,118.541,3,0.0004,False,False
sub_substring,60.0,0.5504,17.538,117.396,3,0.0089,False,False
whole_substring,60.0,0.5342,20.527,105.855,2,0.0,False,False
uniform,60.0,0.8176,36.851,30.868,1,0.0029,False,False
whole_substring,25.0,0.8951,31.798,63.82,3,0.0819,False,True
sub_substring,25.0,0.8795,38.976,126.779,2,0.0717,False,True
sub_substring,45.0,0.5519,22.403,102.637,3,0.0121,False,True
whole_substring,25.0,0.8623,37.088,78.424,2,0.045,False,True
sub_substring,60.0,0.2404,7.998,68.672,3,0.1061,False,True
uniform,25.0,0.8473,27.587,24.771,1,0.0211,False,True
whole_substring,60.0,0.8422,25.429,51.138,2,0.0197,False,True
uniform,25.0,0.8545,37.156,91.902,1,0.0297,False,True
whole_substring,25.0,0.8953,37.44,55.936,3,0.0852,False,True
sub_substring,45.0,0.5676,22.037,81.836,3,0.0324,False,True
sub_substring,60.0,0.8815,31.372,56.766,3,0.0702,False,True
sub_substring,45.0,0.2516,8.859,45.832,3,0.0397,False,True
sub_substring,60.0,0.5633,17.261,63.799,3,0.0252,False,True
uniform,60.0,0.8172,32.034,176.313,1,0.0031,False,False
uniform,60.0,0.7701,29.12,203.852,1,0.011,False,True
whole_substring,45.0,0.2478,9.378,67.129,3,0.0457,False,True
whole_substring,45.0,0.8869,35.745,88.057,3,0.0793,False,True
sub_substring,60.0,0.5682,17.138,62.933,3,0.0309,False,True
whole_substring,25.0,0.5565,24.874,175.127,3,0.0201,False,True
whole_substring,25.0,0.5535,21.691,93.16,2,0.0124,False,True
whole_substring,25.0,0.5647,24.468,72.922,2,0.0288,False,True
uniform,25.0,0.8538,30.705,59.579,1,0.0279,False,True
uniform,25.0,0.8193,24.177,143.752,1,0.0044,False,False
sub_substring,45.0,0.9017,29.036,105.9,2,0.0628,False,True
sub_substring,45.0,0.9248,30.515,45.825,3,0.0638,True,True
whole_substring,45.0,0.5593,19.884,110.267,3,0.0223,False,True
whole_substring,45.0,0.8471,27.331,72.676,2,0.0263,False,True
sub_substring,25.0,0.5362,23.082,99.602,2,0.0003,False,False
whole_substring,45.0,0.8255,33.579,146.155,1,0.0115,False,True
sub_substring,25.0,0.5897,27.069,68.701,3,0.074,False,True
sub_substring,25.0,0.5451,17.397,64.822,2,0.0046,False,False
whole_substring,45.0,0.5211,15.565,84.839,2,0.0055,False,False
uniform,60.0,0.7837,23.478,135.848,1,0.0028,False,False
sub_substring,60.0,0.8982,35.564,72.813,3,0.0904,False,True
sub_substring,45.0,0.2368,7.69,52.957,3,0.1352,False,True
sub_substring,45.0,0.5463,29.183,125.829,2,0.0049,False,False
sub_substring,45.0,0.5801,22.844,82.592,3,0.0517,False,True
whole_substring,60.0,0.5342,17.961,80.147,2,0.0,False,False
whole_substring,60.0,0.8587,32.81,80.061,3,0.0451,False,True
sub_substring,60.0,0.8463,31.478,73.357,2,0.0303,False,True
whole_substring,45.0,0.5709,22.625,83.959,3,0.0377,False,True
whole_substring,25.0,0.8815,37.868,93.743,2,0.0665,False,True
whole_substring,25.0,0.877,33.391,167.742,2,0.0691,False,True
whole_substring,45.0,0.5749,18.706,49.367,3,0.0452,False,True
whole_substring,45.0,0.5364,15.797,58.87,2,0.0003,False,False
sub_substring,60.0,0.453,2.826,13.002,2,0.3754,False,True
whole_substring,25.0,0.5871,25.266,72.58,3,0.0465,True,True
whole_substring,45.0,0.8273,26.838,95.354,1,0.0105,False,True
uniform,25.0,0.8343,26.924,97.126,1,0.0125,False,True
whole_substring,60.0,0.5328,16.942,107.328,2,0.0,False,False
whole_substring,25.0,0.8392,29.931,95.061,1,0.0198,False,True
whole_substring,60.0,0.8676,27.077,81.735,3,0.0552,False,True
sub_substring,45.0,0.9153,38.961,119.347,3,0.1181,False,True
sub_substring,45.0,0.2493,8.658,71.891,3,0.0447,False,True
whole_substring,45.0,0.5377,20.442,128.468,3,0.0008,False,False
whole_substring,25.0,0.8826,31.657,71.527,3,0.0729,False,True
uniform,45.0,0.7934,27.346,230.461,1,0.0005,False,False
whole_substring,25.0,0.8893,37.17,167.7,3,0.0654,False,True
uniform,60.0,0.8172,25.553,68.775,1,0.0031,False,False
sub_substring,45.0,0.5822,28.189,40.204,3,0.0471,True,True
uniform,60.0,0.786,29.293,193.279,1,0.0023,False,False
uniform,60.0,0.7964,30.818,191.875,1,0.0001,False,False
sub_substring,25.0,0.2457,7.259,42.467,3,0.0866,False,True
sub_substring,25.0,0.5712,26.038,143.855,3,0.042,False,True
whole_substring,60.0,0.8193,31.287,136.159,2,0.0067,False,False
sub_substring,25.0,0.2558,10.826,79.897,3,0.0169,False,True
whole_substring,25.0,0.8703,31.685,97.675,3,0.0612,False,True
whole_substring,25.0,0.8929,40.89,175.261,3,0.0304,True,True
sub_substring,45.0,0.2507,12.146,58.266,3,0.0365,False,True
sub_substring,45.0,0.8864,36.134,102.196,3,0.068,False,True
sub_substring,25.0,0.2559,11.035,87.577,3,0.0187,False,True
sub_substring,25.0,0.5481,21.311,135.397,2,0.0077,False,False
whole_substring,45.0,0.5387,18.701,130.039,2,0.0009,False,False
sub_substring,25.0,0.5789,24.478,56.064,3,0.0516,False,True
whole_substring,45.0,0.5174,20.372,157.804,2,0.0075,False,False
sub_substring,60.0,0.8702,25.963,56.177,2,0.0055,True,False
whole_substring,25.0,0.8843,39.859,163.598,2,0.0681,True,True
whole_substring,45.0,0.2536,9.981,45.206,3,0.0226,False,True
whole_substring,60.0,0.8562,22.769,72.949,2,0.0376,False,True
whole_substring,60.0,0.8587,24.109,82.322,3,0.043,False,True
whole_substring,60.0,0.8608,35.643,169.728,3,0.0474,False,True
whole_substring,60.0,0.829,30.452,107.756,1,0.0125,False,True
uniform,60.0,0.8245,24.228,30.528,1,0.0059,False,False
sub_substring,25.0,0.2441,8.064,68.705,3,0.0878,False,True
whole_substring,45.0,0.8796,29.387,72.118,3,0.0133,True,True
whole_substring,60.0,0.5767,22.428,91.642,3,0.0473,False,True
uniform,45.0,0.8242,34.796,166.189,1,0.0067,False,False
whole_substring,45.0,0.8615,37.485,176.23,2,0.0514,False,True
sub_substring,25.0,0.896,39.561,108.715,2,0.0091,True,False
uniform,25.0,0.8419,31.266,99.459,1,0.019,False,True
whole_substring,60.0,0.845,32.998,158.884,2,0.0302,False,True
uniform,45.0,0.8098,32.875,137.003,1,0.0011,False,False
sub_substring,45.0,0.5622,16.25,39.444,3,0.025,False,True
whole_substring,45.0,0.5354,21.21,115.89,2,0.0001,False,False
sub_substring,60.0,0.5678,18.021,43.299,3,0.0331,False,True
whole_substring,25.0,0.846,38.025,203.785,2,0.0345,False,True
sub_substring,45.0,0.8619,36.739,161.543,2,0.0585,False,True
whole_substring,25.0,0.544,21.52,153.756,2,0.0045,False,False
whole_substring,45.0,0.8586,26.498,39.042,2,0.0398,False,True
whole_substring,45.0,0.5468,21.903,129.967,2,0.0054,False,False
uniform,45.0,0.7961,32.354,222.222,1,0.0002,False,False
uniform,60.0,0.8223,30.195,63.472,1,0.0052,False,False
whole_substring,25.0,0.853,37.083,155.928,2,0.0396,False,True
sub_substring,60.0,0.5322,20.408,124.239,3,0.0,False,False
sub_substring,60.0,0.5485,20.552,100.961,3,0.0075,False,False
sub_substring,45.0,0.8338,29.055,155.591,2,0.0253,False,True
uniform,45.0,0.8337,27.51,54.894,1,0.0115,False,True
whole_substring,60.0,0.2476,7.781,36.795,3,0.0599,False,True
whole_substring,25.0,0.8774,32.457,93.252,3,0.0686,False,True
whole_substring,60.0,0.5565,20.378,64.9,3,0.0165,False,True
sub_substring,25.0,0.5647,20.814,99.538,3,0.0307,False,True
uniform,60.0,0.8269,31.106,140.898,1,0.008,False,False
whole_substring,60.0,0.5523,21.761,113.59,3,0.0124,False,True
sub_substring,45.0,0.5714,14.122,71.287,3,0.0428,False,True
sub_substring,45.0,0.2467,8.179,62.044,3,0.0599,False,True
sub_substring,45.0,0.5424,29.777,184.268,3,0.0032,False,False
sub_substring,25.0,0.8885,40.042,125.49,2,0.0827,False,True
whole_substring,25.0,0.8625,31.679,135.3,2,0.0511,False,True
sub_substring,25.0,0.8896,39.576,140.949,2,0.0829,False,True
uniform,60.0,0.819,24.477,51.074,1,0.0037,False,False
uniform,25.0,0.8545,46.904,36.338,1,0.028,False,True
whole_substring,60.0,0.8731,28.883,93.185,3,0.0633,False,True
whole_substring,45.0,0.5601,21.879,135.214,2,0.0206,False,True
sub_substring,45.0,0.2526,9.592,30.275,3,0.0286,False,True
whole_substring,60.0,0.8386,26.157,89.448,2,0.023,False,True
whole_substring,25.0,0.8529,32.128,187.522,2,0.0412,False,True
sub_substring,45.0,0.8793,36.002,117.566,2,0.0692,False,True
uniform,60.0,0.8183,27.514,31.943,1,0.0032,False,False
whole_substring,60.0,0.5522,19.135,93.369,3,0.0126,False,True
whole_substring,60.0,0.5587,17.002,47.168,3,0.0194,False,True
whole_substring,60.0,0.837,25.294,70.084,2,0.02,False,True
sub_substring,45.0,0.2591,12.269,36.397,3,0.0087,False,False
whole_substring,60.0,0.8182,26.468,130.938,2,0.0055,False,False
whole_substring,25.0,0.538,19.427,124.398,2,0.0009,False,False
whole_substring,25.0,0.5717,20.983,108.556,3,0.0426,False,True
whole_substring,45.0,0.5516,22.086,114.787,3,0.0116,False,True
sub_substring,45.0,0.2602,10.544,42.684,3,0.0044,False,False
whole_substring,45.0,0.8451,38.947,285.177,2,0.0322,False,True
uniform,25.0,0.8068,37.59,322.255,1,0.0006,False,False
uniform,45.0,0.8089,16.416,90.018,1,0.001,False,False
sub_substring,45.0,0.8594,33.981,157.745,2,0.0467,False,True
whole_substring,60.0,0.5376,19.468,107.424,2,0.0005,False,False
whole_substring,25.0,0.8774,31.587,96.421,2,0.0623,True,True
sub_substring,60.0,0.5236,15.989,90.639,2,0.0031,False,False
uniform,45.0,0.7908,30.266,278.424,1,0.0011,False,False
whole_substring,60.0,0.5465,17.725,86.32,3,0.0061,False,False
sub_substring,25.0,0.2523,8.86,58.636,3,0.0297,False,True
sub_substring,60.0,0.5455,16.478,82.48,3,0.0051,False,False
whole_substring,45.0,0.5646,14.859,46.973,3,0.0306,False,True
sub_substring,45.0,0.5597,18.349,37.831,3,0.0221,False,True
whole_substring,60.0,0.5399,15.493,45.391,2,0.0011,False,False
whole_substring,45.0,0.5315,22.039,180.095,2,0.0001,False,False
sub_substring,60.0,0.9165,27.758,33.655,3,0.0645,True,True
sub_substring,25.0,0.2543,9.001,51.412,3,0.0247,False,True
sub_substring,45.0,0.574,23.54,95.51,3,0.0447,False,True
sub_substring,45.0,0.8541,36.001,187.883,3,0.0427,False,True
uniform,60.0,0.8379,27.096,38.757,1,0.0141,False,True
whole_substring,25.0,0.5694,20.865,90.721,3,0.0384,False,True
whole_substring,25.0,0.8821,31.899,82.384,3,0.0728,False,True
sub_substring,45.0,0.5291,18.224,121.343,2,0.0006,False,False
uniform,60.0,0.8127,22.576,59.826,1,0.0017,False,False
sub_substring,60.0,0.5293,21.314,158.503,2,0.0005,False,False
uniform,60.0,0.8079,21.584,53.343,1,0.0007,False,False
whole_substring,60.0,0.5134,17.43,131.291,2,0.0128,False,True
sub_substring,25.0,0.8337,39.178,302.725,1,0.0206,False,True
sub_substring,25.0,0.5764,24.145,67.684,3,0.0479,False,True
whole_substring,45.0,0.5723,22.243,88.891,3,0.0397,False,True
sub_substring,45.0,0.5416,17.844,38.938,2,0.0023,False,False
whole_substring,45.0,0.8502,28.285,114.563,2,0.0382,False,True
uniform,60.0,0.8107,28.43,194.168,1,0.0014,False,False
uniform,60.0,0.7925,22.476,51.765,1,0.0006,False,False
whole_substring,60.0,0.5592,22.107,76.662,3,0.0214,False,True
sub_substring,60.0,0.5494,17.518,65.742,3,0.009,False,False
sub_substring,45.0,0.5625,17.778,79.202,3,0.0237,False,True
sub_substring,25.0,0.6176,21.968,50.124,3,0.1146,False,True
sub_substring,25.0,0.2642,12.101,105.706,3,0.0008,False,False
sub_substring,45.0,0.8666,38.133,50.738,2,0.0504,False,True
sub_substring,60.0,0.5402,23.102,95.831,2,0.0014,False,False
sub_substring,25.0,0.8904,39.35,128.905,3,0.0897,False,True
whole_substring,25.0,0.5496,25.575,168.517,2,0.0093,False,False
sub_substring,45.0,0.5578,19.316,75.121,3,0.0204,False,True
sub_substring,45.0,0.5246,17.543,104.353,2,0.0025,False,False
sub_substring,60.0,0.581,24.367,114.491,3,0.0629,False,True
uniform,25.0,0.829,30.978,140.896,1,0.0101,False,True
sub_substring,25.0,0.5779,24.681,80.609,3,0.0518,False,True
whole_substring,25.0,0.8484,31.371,156.83,2,0.0365,False,True
whole_substring,45.0,0.8851,30.099,81.261,2,0.0772,False,True
sub_substring,45.0,0.93,31.135,57.219,3,0.0975,True,True
sub_substring,45.0,0.5314,18.074,99.417,3,0.0002,False,False
sub_substring,45.0,0.2483,9.721,67.52,3,0.0628,False,True
sub_substring,45.0,0.8854,23.057,70.665,3,0.0543,False,True
whole_substring,25.0,0.5456,23.279,132.37,2,0.0052,False,False
uniform,25.0,0.8486,28.18,25.422,1,0.0223,False,True
sub_substring,25.0,0.5321,19.288,140.784,2,0.0001,False,False
whole_substring,60.0,0.8296,30.732,87.756,2,0.0125,False,True
whole_substring,25.0,0.8729,28.362,154.078,2,0.0591,False,True
sub_substring,60.0,0.8829,34.189,40.252,3,0.0745,False,True
sub_substring,60.0,0.539,16.702,89.683,3,0.0013,False,False
uniform,60.0,0.8208,23.139,29.763,1,0.0043,False,False
sub_substring,45.0,0.5624,21.867,77.973,2,0.0222,False,True
uniform,60.0,0.8367,33.309,198.7,1,0.0128,False,True
sub_substring,60.0,0.2402,7.377,43.765,3,0.0569,True,True
whole_substring,25.0,0.8137,29.476,178.51,1,0.0033,False,False
whole_substring,25.0,0.8658,32.374,136.05,2,0.057,False,True
sub_substring,60.0,0.5617,17.173,59.789,3,0.023,False,True
sub_substring,25.0,0.5648,24.613,124.44,3,0.0423,False,True
sub_substring,60.0,0.5704,20.183,36.09,2,0.0322,False,True
whole_substring,60.0,0.855,31.13,64.902,2,0.0404,False,True
sub_substring,25.0,0.8924,31.292,59.256,3,0.0822,False,True
whole_substring,60.0,0.8741,23.538,61.887,3,0.0626,False,True
whole_substring,60.0,0.2434,7.835,44.85,2,0.0808,False,True
sub_substring,45.0,0.8925,34.552,50.526,3,0.082,False,True
sub_substring,45.0,0.6018,17.83,51.206,3,0.0726,False,True
whole_substring,60.0,0.2492,10.175,76.028,3,0.044,False,True
whole_substring,25.0,0.8606,37.986,128.368,2,0.0489,False,True
sub_substring,45.0,0.2476,7.851,49.941,3,0.0497,False,True
whole_substring,45.0,0.5339,17.566,81.763,2,0.0,False,False
sub_substring,45.0,0.5546,13.878,21.681,3,0.0142,False,True
whole_substring,25.0,0.8995,41.817,157.501,3,0.0572,True,True
sub_substring,45.0,0.9078,36.516,93.954,3,0.107,False,True
whole_substring,25.0,0.8382,31.345,221.264,2,0.0227,False,True
whole_substring,60.0,0.525,19.203,106.648,3,0.0024,False,False
whole_substring,25.0,0.8783,39.769,115.823,2,0.068,False,True
sub_substring,60.0,0.5734,18.397,63.628,3,0.0552,False,True
whole_substring,45.0,0.5469,17.337,80.715,2,0.0043,False,False
uniform,60.0,0.7742,24.447,181.19,1,0.008,False,False
whole_substring,25.0,0.5806,25.041,87.382,3,0.0522,False,True
sub_substring,25.0,0.2637,11.838,77.257,3,0.0012,False,False
whole_substring,45.0,0.5588,18.149,80.443,3,0.0197,False,True
sub_substring,45.0,0.5382,21.628,122.209,3,0.0011,False,False
sub_substring,60.0,0.5437,29.259,145.63,3,0.0042,False,False
whole_substring,60.0,0.86,26.975,114.129,2,0.0459,False,True
uniform,45.0,0.8408,33.101,51.691,1,0.0164,False,True
sub_substring,45.0,0.5351,17.618,72.038,2,0.0001,False,False
uniform,25.0,0.7953,29.145,200.258,1,0.0003,False,False
whole_substring,60.0,0.8529,35.195,142.157,2,0.0372,False,True
sub_substring,25.0,0.9135,39.956,154.894,3,0.1132,False,True
uniform,60.0,0.783,18.669,103.857,1,0.003,False,False
sub_substring,25.0,0.5667,24.518,70.485,3,0.0336,False,True
whole_substring,60.0,0.5363,20.708,71.667,2,0.0002,False,False
sub_substring,45.0,0.9136,35.054,25.353,3,0.1162,False,True
sub_substring,25.0,0.5597,25.801,101.817,2,0.0234,False,True
sub_substring,60.0,0.5694,17.381,48.345,3,0.0345,False,True
whole_substring,25.0,0.8897,33.338,82.691,3,0.0843,False,True
whole_substring,25.0,0.8553,34.666,239.347,2,0.0463,False,True
sub_substring,25.0,0.8866,32.226,84.257,3,0.0791,False,True
sub_substring,60.0,0.2573,7.767,38.686,3,0.021,False,True
whole_substring,45.0,0.552,19.347,125.499,3,0.0117,False,True
sub_substring,45.0,0.5546,22.349,103.779,3,0.0157,False,True
whole_substring,45.0,0.5431,18.242,94.772,3,0.0037,False,False
uniform,25.0,0.8475,38.791,154.789,1,0.0228,False,True
sub_substring,60.0,0.5647,17.558,53.674,3,0.0274,False,True
whole_substring,45.0,0.5744,22.027,43.267,3,0.0437,False,True
sub_substring,60.0,0.8502,31.912,70.924,3,0.0342,False,True
whole_substring,60.0,0.8333,29.759,58.553,2,0.0127,False,True
sub_substring,60.0,0.8274,29.759,192.51,1,0.0106,False,True
whole_substring,60.0,0.8039,22.399,117.345,2,0.0002,False,False
uniform,60.0,0.8027,20.548,134.877,1,0.0001,False,False
whole_substring,25.0,0.8535,38.653,183.319,2,0.0388,False,True
sub_substring,25.0,0.575,20.994,84.356,3,0.0484,False,True
sub_substring,60.0,0.8472,31.932,147.946,2,0.0322,False,True
sub_substring,60.0,0.8524,34.034,192.348,2,0.047,False,True
whole_substring,60.0,0.8008,30.928,169.547,1,0.0,False,False
whole_substring,45.0,0.8585,33.241,109.726,3,0.0422,False,True
whole_substring,45.0,0.5761,30.557,113.611,3,0.0467,False,True
whole_substring,45.0,0.8702,36.101,124.017,3,0.0602,False,True
sub_substring,25.0,0.8874,31.932,126.129,3,0.0743,False,True
whole_substring,45.0,0.5764,23.481,91.838,3,0.0466,False,True
whole_substring,25.0,0.2592,11.424,73.956,3,0.008,False,False
whole_substring,25.0,0.5417,24.143,167.813,2,0.0023,False,False
sub_substring,60.0,0.8003,23.102,127.063,1,0.0,False,False
whole_substring,45.0,0.5671,18.482,85.321,3,0.0304,False,True
uniform,45.0,0.8092,28.172,161.142,1,0.001,False,False
whole_substring,45.0,0.5103,17.694,144.566,2,0.0179,False,True
whole_substring,60.0,0.865,32.062,37.887,3,0.0484,False,True
sub_substring,25.0,0.5673,20.772,107.906,3,0.0356,False,True
sub_substring,25.0,0.5844,22.921,93.615,3,0.0591,False,True
uniform,45.0,0.8253,27.035,75.463,1,0.0071,False,False
whole_substring,25.0,0.843,31.482,180.943,3,0.0325,False,True
whole_substring,60.0,0.8619,26.605,86.941,2,0.0488,False,True
whole_substring,45.0,0.5485,18.29,86.56,3,0.0085,False,False
whole_substring,45.0,0.8583,27.961,87.08,2,0.0397,False,True
whole_substring,60.0,0.8604,27.782,101.155,3,0.0473,False,True
whole_substring,60.0,0.8494,24.604,37.063,2,0.0264,False,True
sub_substring,45.0,0.8741,29.836,64.802,2,0.064,False,True
sub_substring,45.0,0.5473,23.301,168.422,2,0.0058,False,False
sub_substring,60.0,0.8401,30.109,54.961,2,0.0227,False,True
sub_substring,60.0,0.5183,20.5,164.942,2,0.0064,False,False
sub_substring,60.0,0.8034,31.469,184.726,1,0.0002,False,False
whole_substring,60.0,0.54,19.938,62.1,3,0.0015,False,False
sub_substring,60.0,0.5227,18.798,99.809,2,0.003,False,False
sub_substring,45.0,0.5684,19.155,68.048,3,0.0362,False,True
whole_substring,25.0,0.8422,33.636,198.761,2,0.0289,False,True
sub_substring,60.0,0.5264,19.767,77.466,2,0.0014,False,False
sub_substring,25.0,0.5777,27.041,71.593,3,0.0457,False,True
whole_substring,25.0,0.5647,21.398,77.512,3,0.0313,False,True
sub_substring,45.0,0.8728,32.416,34.503,2,0.0548,False,True
whole_substring,25.0,0.8551,38.31,161.85,1,0.0426,False,True
whole_substring,25.0,0.5413,19.652,129.129,2,0.002,False,False
sub_substring,60.0,0.5451,20.808,95.379,3,0.0052,False,False
whole_substring,25.0,0.5449,20.641,154.114,2,0.0053,False,False
sub_substring,60.0,0.859,32.913,187.748,2,0.0574,False,True
sub_substring,25.0,0.556,16.01,55.627,3,0.0188,False,True
uniform,25.0,0.8132,29.765,158.832,1,0.0022,False,False
uniform,25.0,0.8511,36.495,69.811,1,0.026,False,True
sub_substring,25.0,0.2497,9.933,73.062,3,0.0467,False,True
whole_substring,45.0,0.8132,26.297,96.028,1,0.0021,False,False
whole_substring,60.0,0.8792,28.094,70.657,3,0.069,False,True
whole_substring,60.0,0.8708,27.761,66.216,2,0.059,False,True
uniform,45.0,0.8097,34.401,248.731,1,0.0012,False,False
uniform,45.0,0.802,29.251,252.89,1,0.0,False,False
whole_substring,60.0,0.7993,30.192,149.713,1,0.0,False,False
sub_substring,45.0,0.5627,22.723,123.334,3,0.026,False,True
uniform,60.0,0.8466,49.709,109.073,1,0.0216,False,True
sub_substring,60.0,0.532,21.297,110.826,2,0.0,False,False
uniform,25.0,0.8551,36.957,72.836,1,0.0301,False,True
whole_substring,45.0,0.8494,29.162,119.116,2,0.0333,False,True
sub_substring,60.0,0.5583,20.988,71.174,3,0.0189,False,True
sub_substring,60.0,0.5402,19.827,107.535,3,0.0017,False,False
whole_substring,25.0,0.2593,10.838,62.971,3,0.0074,False,False
sub_substring,45.0,0.8241,34.824,203.95,2,0.0118,False,True
sub_substring,60.0,0.8683,27.793,102.725,2,0.0547,False,True
sub_substring,25.0,0.9093,39.894,72.942,3,0.1031,False,True
whole_substring,25.0,0.8734,28.39,102.047,3,0.0617,False,True
whole_substring,25.0,0.8553,24.524,90.064,2,0.0438,False,True
sub_substring,60.0,0.5625,17.27,45.641,3,0.0237,False,True
uniform,45.0,0.8344,31.759,40.215,1,0.0118,False,True
whole_substring,45.0,0.5448,12.035,38.146,3,0.0045,False,False
whole_substring,45.0,0.866,28.612,77.789,3,0.0531,False,True
sub_substring,60.0,0.8846,32.332,46.477,3,0.0738,False,True
uniform,25.0,0.8413,31.756,165.915,1,0.0183,False,True
uniform,25.0,0.8554,34.357,53.89,1,0.0289,False,True
uniform,45.0,0.8179,27.552,139.683,1,0.0035,False,False
sub_substring,60.0,0.5722,14.684,45.446,3,0.0473,False,True
uniform,60.0,0.8193,35.285,255.695,1,0.0039,False,False
sub_substring,45.0,0.5408,18.155,119.418,2,0.0014,False,False
uniform,25.0,0.8301,38.723,251.751,1,0.0103,False,True
whole_substring,60.0,0.5521,20.286,39.58,3,0.0115,False,True
whole_substring,60.0,0.5511,17.479,87.64,3,0.0104,False,True
whole_substring,45.0,0.8891,31.356,46.16,3,0.0822,False,True
sub_substring,60.0,0.9061,32.467,41.165,3,0.0911,False,True
whole_substring,25.0,0.5617,23.906,64.335,2,0.0232,False,True
whole_substring,25.0,0.5402,19.595,129.534,2,0.0018,False,False
whole_substring,60.0,0.5495,14.196,39.171,3,0.0078,False,False
sub_substring,25.0,0.5507,25.665,173.199,2,0.0087,False,False
whole_substring,60.0,0.5678,17.932,65.974,3,0.0326,False,True
whole_substring,45.0,0.8744,29.371,80.387,3,0.0649,False,True
sub_substring,60.0,0.5433,19.116,59.513,2,0.0021,False,False
whole_substring,45.0,0.8615,19.534,59.474,3,0.0503,False,True
sub_substring,60.0,0.5607,17.411,68.843,3,0.0216,False,True
sub_substring,25.0,0.5551,20.103,97.1,2,0.0157,False,True
sub_substring,60.0,0.5293,19.499,65.274,2,0.0006,False,False
sub_substring,60.0,0.5321,14.199,78.92,2,0.0,False,False
sub_substring,60.0,0.5235,20.066,102.408,2,0.0032,False,False
sub_substring,25.0,0.6077,20.778,36.78,3,0.1066,False,True
uniform,60.0,0.8009,40.151,178.218,1,0.0,False,False
sub_substring,25.0,0.8625,30.598,88.88,2,0.0518,False,True
whole_substring,45.0,0.8575,28.304,64.358,2,0.043,False,True
whole_substring,60.0,0.5243,16.486,111.382,2,0.0029,False,False
uniform,60.0,0.8241,28.909,28.147,1,0.0055,False,False
sub_substring,60.0,0.5097,19.836,140.342,2,0.0168,False,True
whole_substring,45.0,0.5352,17.55,89.803,2,0.0001,False,False
whole_substring,45.0,0.5437,17.341,42.157,2,0.0028,False,False
whole_substring,60.0,0.5668,26.523,81.881,3,0.0284,False,True
sub_substring,25.0,0.5645,20.499,99.624,3,0.0305,False,True
sub_substring,45.0,0.8469,35.537,181.075,1,0.0321,False,True
whole_substring,45.0,0.8959,57.978,128.714,3,0.0878,False,True
uniform,25.0,0.8219,37.858,244.229,1,0.0061,False,False
sub_substring,60.0,0.5533,19.662,106.184,3,0.0148,False,True
sub_substring,25.0,0.567,18.116,55.713,3,0.0472,False,True
uniform,45.0,0.8224,27.804,144.264,1,0.0056,False,False
sub_substring,25.0,0.5477,18.97,56.587,2,0.0064,False,False
whole_substring,25.0,0.8417,38.369,219.142,2,0.0317,False,True
sub_substring,45.0,0.5764,24.666,103.722,3,0.0608,False,True
whole_substring,25.0,0.8955,50.694,92.424,3,0.0889,False,True
sub_substring,45.0,0.2432,7.793,48.412,3,0.09,False,True
whole_substring,60.0,0.8545,31.234,67.362,3,0.0373,False,True
whole_substring,45.0,0.8246,34.536,240.063,1,0.0076,False,False
whole_substring,45.0,0.5515,18.611,91.762,3,0.0109,False,True
whole_substring,25.0,0.2597,9.214,42.352,3,0.0072,False,False
whole_substring,45.0,0.557,17.766,79.204,2,0.0156,False,True
whole_substring,25.0,0.8967,31.062,66.144,3,0.0897,False,True
sub_substring,25.0,0.2552,9.262,50.482,3,0.0216,False,True
sub_substring,60.0,0.8647,30.638,68.465,3,0.0404,True,True
sub_substring,60.0,0.5529,17.281,70.151,3,0.0163,False,True
sub_substring,45.0,0.5706,24.996,106.835,3,0.036,False,True
whole_substring,60.0,0.8449,27.731,138.586,3,0.0304,False,True
sub_substring,60.0,0.8941,27.992,47.649,2,0.0933,False,True
uniform,45.0,0.82,31.67,123.809,1,0.004,False,False
whole_substring,45.0,0.2573,10.302,46.322,3,0.0119,False,True
sub_substring,25.0,0.5563,11.53,35.872,3,0.0189,False,True
sub_substring,45.0,0.5347,18.54,143.623,2,0.0001,False,False
whole_substring,60.0,0.8058,31.236,179.812,2,0.0006,False,False
whole_substring,60.0,0.822,26.302,150.792,2,0.0091,False,False
sub_substring,45.0,0.8754,29.783,110.353,2,0.0663,False,True
whole_substring,60.0,0.2484,7.675,46.152,2,0.0491,False,True
uniform,60.0,0.7477,29.423,232.263,1,0.0336,False,True
sub_substring,45.0,0.8651,30.712,152.191,3,0.062,False,True
whole_substring,25.0,0.5511,24.4,145.084,2,0.0105,False,True
sub_substring,45.0,0.5257,18.022,126.764,2,0.0023,False,False
uniform,25.0,0.8515,30.462,66.996,1,0.0264,False,True
sub_substring,25.0,0.9167,35.526,78.294,2,0.0806,True,True
whole_substring,25.0,0.5528,19.905,94.1,3,0.0138,False,True
uniform,45.0,0.7805,27.192,211.483,1,0.005,False,False
sub_substring,60.0,0.8646,26.264,73.611,3,0.0351,True,True
uniform,25.0,0.8333,30.692,123.816,1,0.012,False,True
sub_substring,45.0,0.8909,29.976,71.624,3,0.0832,False,True
whole_substring,60.0,0.5612,17.078,46.96,3,0.0229,False,True
whole_substring,25.0,0.5584,20.6,153.773,2,0.0206,False,True
whole_substring,25.0,0.8402,12.561,66.829,1,0.0218,False,True
whole_substring,45.0,0.8224,28.215,134.135,2,0.0088,False,False
sub_substring,60.0,0.5023,12.56,84.972,2,0.0374,False,True
sub_substring,60.0,0.8637,34.709,143.288,3,0.0508,False,True
whole_substring,60.0,0.8047,24.666,136.091,1,0.0003,False,False
whole_substring,60.0,0.5402,21.038,100.953,3,0.0017,False,False
whole_substring,60.0,0.543,20.413,118.32,2,0.003,False,False
sub_substring,45.0,0.5609,22.082,51.835,3,0.0225,False,True
uniform,60.0,0.8166,36.519,207.544,1,0.0031,False,False
sub_substring,25.0,0.8807,31.104,50.562,2,0.07,False,True
uniform,25.0,0.8321,33.116,110.983,1,0.0115,False,True
whole_substring,25.0,0.8417,31.177,167.862,1,0.0275,False,True
sub_substring,60.0,0.5225,15.853,86.304,2,0.0042,False,False
whole_substring,25.0,0.5325,23.31,150.273,2,0.0,False,False
whole_substring,45.0,0.2517,8.199,66.023,2,0.029,False,True
whole_substring,45.0,0.8699,28.305,62.027,3,0.0562,False,True
uniform,60.0,0.7746,14.989,75.822,1,0.0077,False,False
whole_substring,45.0,0.8194,26.942,136.07,1,0.0063,False,False
whole_substring,60.0,0.844,29.999,63.715,3,0.0253,False,True
whole_substring,45.0,0.871,35.419,195.615,2,0.0546,False,True
whole_substring,25.0,0.5703,11.642,16.124,3,0.0374,False,True
whole_substring,25.0,0.9004,33.652,51.196,3,0.0721,True,True
whole_substring,60.0,0.2332,7.255,54.067,2,0.1188,True,True
sub_substring,60.0,0.8623,29.959,129.896,2,0.0517,False,True
whole_substring,60.0,0.8141,31.565,141.636,1,0.0026,False,False
whole_substring,60.0,0.8527,29.271,59.079,2,0.0348,False,True
sub_substring,25.0,0.8987,32.512,82.067,2,0.0993,False,True
whole_substring,25.0,0.9031,39.005,82.884,3,0.0257,True,True
uniform,45.0,0.8145,26.649,103.263,1,0.0024,False,False
sub_substring,45.0,0.5366,18.352,118.865,3,0.0004,False,False
sub_substring,45.0,0.8636,32.094,113.594,2,0.0414,False,True
uniform,60.0,0.8216,27.778,24.594,1,0.0045,False,False
sub_substring,45.0,0.52,18.254,118.747,2,0.0068,False,False
whole_substring,25.0,0.8728,28.809,114.529,2,0.061,False,True
whole_substring,25.0,0.8856,27.714,40.739,3,0.0743,False,True
whole_substring,25.0,0.8683,37.123,119.664,2,0.0566,False,True
whole_substring,60.0,0.8508,29.353,135.833,2,0.0392,False,True
uniform,45.0,0.8242,28.011,99.175,1,0.0063,False,False
whole_substring,45.0,0.5692,23.52,103.498,3,0.0368,False,True
sub_substring,25.0,0.9302,34.691,75.819,3,0.1145,True,True
sub_substring,60.0,0.9101,27.862,35.489,2,0.1017,False,True
sub_substring,45.0,0.2447,7.483,46.704,3,0.0711,False,True
whole_substring,45.0,0.8558,27.67,78.302,2,0.0438,False,True
whole_substring,25.0,0.8586,37.988,197.641,2,0.0501,False,True
whole_substring,25.0,0.8841,31.955,95.875,3,0.0783,False,True
sub_substring,45.0,0.8793,28.52,51.822,2,0.0674,False,True
whole_substring,60.0,0.8458,25.745,77.448,2,0.0267,False,True
sub_substring,60.0,0.5239,18.035,133.177,2,0.003,False,False
whole_substring,45.0,0.5764,18.528,53.037,3,0.0471,False,True
uniform,60.0,0.8413,33.062,46.318,1,0.0166,False,True
sub_substring,60.0,0.2473,7.596,54.756,3,0.0549,False,True
sub_substring,45.0,0.5498,16.736,61.632,3,0.0102,False,True
whole_substring,25.0,0.8799,31.267,78.762,3,0.068,False,True
whole_substring,60.0,0.8023,30.637,145.628,1,0.0001,False,False
whole_substring,60.0,0.5464,16.7,69.473,3,0.0057,False,False
sub_substring,45.0,0.2477,8.341,44.473,3,0.0596,False,True
whole_substring,25.0,0.2685,11.893,79.113,3,0.0004,False,False
whole_substring,45.0,0.536,22.146,153.915,2,0.0003,False,False
sub_substring,45.0,0.8927,31.838,90.567,3,0.085,False,True
uniform,45.0,0.8493,28.886,40.017,1,0.0238,False,True
sub_substring,25.0,0.5681,20.944,101.867,3,0.035,False,True
whole_substring,25.0,0.5736,25.101,77.421,3,0.046,False,True
whole_substring,60.0,0.8279,25.952,117.001,2,0.0123,False,True
uniform,25.0,0.8373,30.316,195.477,1,0.0145,False,True
whole_substring,60.0,0.8831,32.325,43.458,3,0.0711,False,True
whole_substring,45.0,0.8729,17.011,52.377,2,0.0593,False,True
sub_substring,60.0,0.5483,17.634,78.007,3,0.0075,False,False
sub_substring,45.0,0.57,18.992,75.727,2,0.0377,False,True
sub_substring,45.0,0.818,29.061,214.704,1,0.0084,False,False
sub_substring,60.0,0.2551,10.425,84.439,3,0.019,False,True
sub_substring,25.0,0.58,25.828,124.709,3,0.0583,False,True
sub_substring,45.0,0.532,19.065,138.935,2,0.0001,False,False
whole_substring,60.0,0.8564,18.356,57.368,3,0.0432,False,True
uniform,60.0,0.7707,21.177,121.839,1,0.0102,False,True
whole_substring,25.0,0.5538,16.034,81.216,3,0.0156,False,True
whole_substring,25.0,0.8848,51.01,150.362,3,0.0777,False,True
whole_substring,60.0,0.5702,18.987,68.063,3,0.0363,False,True
sub_substring,60.0,0.9038,37.531,160.591,3,0.0957,False,True
uniform,60.0,0.8217,28.071,31.187,1,0.0044,False,False
sub_substring,45.0,0.8841,28.093,51.8,3,0.0639,True,True
whole_substring,60.0,0.8298,33.325,177.051,2,0.0127,False,True
sub_substring,25.0,0.8881,42.067,120.233,2,0.0813,False,True
whole_substring,25.0,0.8892,38.611,63.302,3,0.0801,False,True
whole_substring,45.0,0.8627,25.657,86.168,3,0.0514,False,True
whole_substring,25.0,0.8343,30.223,150.697,2,0.0175,False,True
uniform,60.0,0.8192,32.029,127.401,1,0.004,False,False
sub_substring,25.0,0.8771,31.095,81.839,2,0.0471,False,True
sub_substring,45.0,0.5353,21.097,80.686,2,0.0001,False,False
whole_substring,25.0,0.5669,26.714,171.485,3,0.0367,False,True
sub_substring,25.0,0.2472,8.884,71.692,2,0.0607,False,True
uniform,25.0,0.8252,30.921,243.929,1,0.0076,False,False
whole_substring,25.0,0.2516,9.009,56.596,3,0.0346,False,True
sub_substring,25.0,0.5754,19.847,88.632,3,0.045,False,True
whole_substring,45.0,0.7947,26.418,179.304,1,0.0004,False,False
sub_substring,25.0,0.5653,19.802,58.157,3,0.0324,False,True
whole_substring,45.0,0.5673,22.986,96.205,3,0.034,False,True
sub_substring,45.0,0.5522,21.574,135.763,3,0.0109,False,True
whole_substring,25.0,0.8768,32.467,158.946,3,0.0679,False,True
uniform,25.0,0.7862,28.084,187.486,1,0.0027,False,False
sub_substring,60.0,0.5545,20.414,91.184,3,0.0132,False,True
sub_substring,45.0,0.8763,34.068,113.329,3,0.0625,False,True
sub_substring,25.0,0.5758,20.068,65.977,3,0.0429,False,True
whole_substring,60.0,0.8419,28.517,164.936,2,0.029,False,True
whole_substring,60.0,0.8299,25.988,96.823,1,0.0115,False,True
whole_substring,25.0,0.8443,36.692,219.03,1,0.0249,False,True
whole_substring,25.0,0.5526,21.073,135.409,2,0.0126,False,True
sub_substring,25.0,0.588,27.045,61.469,3,0.0695,False,True
sub_substring,25.0,0.5503,24.16,133.702,2,0.0075,False,False
whole_substring,60.0,0.8089,31.752,232.291,2,0.0014,False,False
sub_substring,25.0,0.5556,20.344,119.207,3,0.0265,False,True
uniform,45.0,0.84,34.062,81.521,1,0.0166,False,True
whole_substring,60.0,0.5562,18.421,85.837,3,0.0171,False,True
sub_substring,45.0,0.8859,36.814,133.358,3,0.0779,False,True
uniform,60.0,0.8177,24.171,75.646,1,0.0031,False,False
sub_substring,25.0,0.261,9.74,40.748,3,0.0048,False,False
sub_substring,45.0,0.8412,29.647,196.006,2,0.0382,False,True
whole_substring,60.0,0.8682,27.19,51.251,3,0.0556,False,True
sub_substring,25.0,0.8832,32.355,92.782,2,0.0736,False,True
whole_substring,60.0,0.5779,28.97,95.122,3,0.0483,False,True
whole_substring,25.0,0.5615,19.796,104.726,3,0.0259,False,True
sub_substring,45.0,0.9265,37.595,60.642,3,0.1153,False,True
sub_substring,25.0,0.5509,20.426,115.456,2,0.0113,False,True
sub_substring,45.0,0.5299,22.002,155.793,2,0.0004,False,False
whole_substring,60.0,0.5299,15.568,67.945,2,0.0003,False,False
uniform,25.0,0.8244,35.732,109.11,1,0.0073,False,False
whole_substring,25.0,0.8897,25.245,40.183,3,0.0826,False,True
sub_substring,60.0,0.5524,23.3,167.056,2,0.0114,False,True
whole_substring,25.0,0.5281,19.294,135.988,2,0.001,False,False
whole_substring,60.0,0.5283,15.748,96.897,2,0.0008,False,False
sub_substring,25.0,0.8216,36.268,209.379,1,0.0094,False,False
whole_substring,25.0,0.839,36.909,223.745,2,0.0281,False,True
whole_substring,60.0,0.5163,16.057,112.465,2,0.0098,False,False
uniform,45.0,0.7947,29.919,200.888,1,0.0004,False,False
whole_substring,45.0,0.8727,29.079,87.123,3,0.0636,False,True
whole_substring,25.0,0.8653,29.85,157.886,1,0.0464,False,True
uniform,60.0,0.8256,26.595,67.04,1,0.0067,False,False
sub_substring,25.0,0.2533,11.71,99.802,3,0.0296,False,True
whole_substring,45.0,0.8807,31.736,96.434,2,0.0733,False,True
whole_substring,60.0,0.5529,20.051,45.9,2,0.011,False,True
whole_substring,60.0,0.8531,34.369,137.825,2,0.0373,False,True
whole_substring,25.0,0.5644,21.672,120.027,3,0.0313,False,True
sub_substring,60.0,0.8555,27.263,103.106,3,0.0403,False,True
sub_substring,60.0,0.2463,8.735,46.24,3,0.0573,False,True
whole_substring,60.0,0.8284,31.49,168.032,2,0.0137,False,True
sub_substring,25.0,0.8837,38.33,135.696,2,0.0794,True,True
whole_substring,25.0,0.8563,30.856,101.836,2,0.045,False,True
whole_substring,45.0,0.8613,24.889,90.529,3,0.0468,False,True
whole_substring,45.0,0.8807,35.039,59.317,3,0.0684,False,True
sub_substring,25.0,0.9019,31.64,63.606,3,0.0871,False,True
sub_substring,45.0,0.5595,22.965,82.947,3,0.0218,False,True
whole_substring,60.0,0.8539,30.416,63.202,3,0.0358,False,True
sub_substring,25.0,0.5757,23.388,126.24,3,0.0415,False,True
sub_substring,45.0,0.8602,33.551,66.394,3,0.0441,False,True
uniform,45.0,0.8166,28.741,189.714,1,0.0031,False,False
sub_substring,60.0,0.5864,14.445,33.289,3,0.0692,False,True
whole_substring,45.0,0.812,34.775,249.836,1,0.0027,False,False
sub_substring,45.0,0.246,8.851,68.184,3,0.0721,False,True
whole_substring,25.0,0.2595,10.968,78.802,3,0.007,False,False
whole_substring,45.0,0.5633,21.566,52.212,2,0.0242,False,True
whole_substring,25.0,0.8761,32.015,137.408,2,0.0556,False,True
uniform,25.0,0.8221,31.241,203.723,1,0.006,False,False
whole_substring,60.0,0.5203,17.208,129.204,2,0.0048,False,False
whole_substring,25.0,0.2584,9.35,71.763,2,0.0094,False,False
whole_substring,60.0,0.5455,17.623,79.545,3,0.0054,False,False
whole_substring,45.0,0.5387,21.35,121.604,2,0.0009,False,False
whole_substring,25.0,0.5668,21.707,124.146,3,0.0361,False,True
sub_substring,45.0,0.5448,22.072,105.385,3,0.0051,False,False
sub_substring,60.0,0.5587,17.025,74.531,3,0.0191,False,True
whole_substring,45.0,0.8259,28.107,138.423,2,0.0114,False,True
whole_substring,45.0,0.8695,33.713,59.872,2,0.056,False,True
uniform,60.0,0.7686,29.097,209.694,1,0.0118,False,True
whole_substring,25.0,0.5745,20.651,74.844,3,0.0464,False,True
sub_substring,45.0,0.9043,36.95,68.713,3,0.0975,False,True
sub_substring,25.0,0.8881,40.203,113.222,3,0.0819,False,True
sub_substring,60.0,0.8471,32.298,136.272,2,0.0358,False,True
whole_substring,25.0,0.8688,30.652,81.024,2,0.0561,False,True
whole_substring,45.0,0.8721,35.445,116.202,2,0.0603,False,True
sub_substring,60.0,0.8962,34.771,107.763,2,0.0981,False,True
uniform,60.0,0.813,23.33,40.468,1,0.0017,False,False
whole_substring,25.0,0.8705,31.568,157.316,2,0.0611,False,True
whole_substring,60.0,0.543,18.101,109.232,3,0.0035,False,False
whole_substring,45.0,0.2514,10.096,75.851,3,0.0303,False,True
sub_substring,25.0,0.8745,27.145,46.388,2,0.0642,False,True
sub_substring,45.0,0.5704,19.702,73.638,3,0.0393,False,True
uniform,45.0,0.7865,26.96,177.648,1,0.0024,False,False
whole_substring,45.0,0.5715,23.194,62.37,3,0.0392,False,True
whole_substring,60.0,0.5339,16.639,79.784,2,0.0,False,False
whole_substring,25.0,0.887,38.249,94.538,3,0.0804,False,True
uniform,45.0,0.7831,34.478,293.797,1,0.0039,False,False
sub_substring,25.0,0.586,21.336,54.439,3,0.0314,True,True
whole_substring,45.0,0.7761,23.274,166.39,1,0.0088,False,False
whole_substring,25.0,0.5684,20.833,113.46,3,0.0373,False,True
whole_substring,25.0,0.5419,19.526,142.137,2,0.002,False,False
whole_substring,60.0,0.5312,18.766,98.092,2,0.0001,False,False
whole_substring,45.0,0.8504,28.88,125.255,2,0.0377,False,True
whole_substring,25.0,0.2641,10.945,27.326,3,0.0008,False,False
sub_substring,25.0,0.8877,38.606,100.114,3,0.0806,False,True
sub_substring,45.0,0.8779,36.249,158.983,3,0.0805,False,True
sub_substring,25.0,0.8757,32.135,115.755,2,0.0701,False,True
uniform,45.0,0.8148,28.523,178.161,1,0.0025,False,False
uniform,60.0,0.7914,19.685,101.84,1,0.0008,False,False
sub_substring,25.0,0.8738,51.409,153.402,1,0.0628,False,True
whole_substring,45.0,0.2517,8.924,72.408,3,0.0336,False,True
uniform,45.0,0.8424,27.366,33.687,1,0.0172,False,True
sub_substring,60.0,0.5813,28.445,67.746,3,0.0508,False,True
whole_substring,60.0,0.8133,32.745,185.853,1,0.002,False,False
whole_substring,45.0,0.8338,34.756,212.196,2,0.0211,False,True
sub_substring,25.0,0.9272,26.745,44.16,3,0.1218,False,True
whole_substring,25.0,0.8787,18.123,64.805,2,0.0539,False,True
uniform,60.0,0.8281,27.868,87.057,1,0.0082,False,False
whole_substring,25.0,0.8925,31.677,53.913,3,0.0857,False,True
whole_substring,45.0,0.8903,29.724,69.208,3,0.025,True,True
sub_substring,45.0,0.8699,33.801,71.804,3,0.052,False,True
uniform,60.0,0.7995,25.074,171.724,1,0.0,False,False
whole_substring,45.0,0.5708,18.455,42.952,3,0.0372,False,True
uniform,45.0,0.8263,34.684,219.771,1,0.0069,False,False
whole_substring,25.0,0.8776,32.263,91.092,2,0.067,False,True
sub_substring,60.0,0.8531,26.279,76.031,3,0.0393,False,True
whole_substring,60.0,0.5325,15.999,60.37,2,0.0,False,False
whole_substring,25.0,0.5728,25.14,76.841,3,0.0449,False,True
sub_substring,45.0,0.8472,34.582,172.241,2,0.046,False,True
sub_substring,45.0,0.543,21.982,63.939,3,0.0033,False,False
whole_substring,60.0,0.2408,8.177,65.417,3,0.0844,True,True
whole_substring,60.0,0.4993,14.959,90.278,2,0.0411,False,True
sub_substring,60.0,0.5652,17.828,34.325,3,0.0285,False,True
uniform,25.0,0.8442,35.517,65.959,1,0.0199,False,True
whole_substring,25.0,0.8863,32.191,114.448,2,0.0512,True,True
whole_substring,45.0,0.5353,21.651,159.998,2,0.0001,False,False
whole_substring,45.0,0.5488,23.352,120.79,2,0.0067,False,False
sub_substring,25.0,0.5691,25.385,112.14,3,0.0397,False,True
sub_substring,60.0,0.2323,7.088,44.231,3,0.1708,False,True
whole_substring,60.0,0.5386,20.447,96.519,2,0.0009,False,False
whole_substring,25.0,0.5532,20.985,134.261,3,0.0149,False,True
sub_substring,45.0,0.5344,18.429,132.114,2,0.0,False,False
whole_substring,25.0,0.5148,23.265,177.841,2,0.0147,False,True
whole_substring,25.0,0.8458,32.838,217.537,2,0.0321,False,True
sub_substring,60.0,0.5236,15.896,84.56,3,0.0037,False,False
uniform,45.0,0.8342,26.243,36.871,1,0.0111,False,True
whole_substring,25.0,0.8917,41.992,169.577,3,0.0783,True,True
sub_substring,45.0,0.5419,22.543,146.002,2,0.004,False,False
sub_substring,45.0,0.524,21.666,139.385,3,0.0037,False,False
sub_substring,45.0,0.5247,21.207,88.497,2,0.0028,False,False
whole_substring,25.0,0.251,9.048,73.326,2,0.0386,False,True
sub_substring,60.0,0.5222,19.225,130.71,2,0.0032,False,False
whole_substring,25.0,0.5536,24.668,128.386,3,0.0149,False,True
whole_substring,45.0,0.5155,15.178,108.147,2,0.009,False,False
whole_substring,45.0,0.8172,28.581,195.993,1,0.0054,False,False
sub_substring,25.0,0.554,20.081,90.782,3,0.0166,False,True
whole_substring,45.0,0.8758,30.426,125.008,2,0.0664,False,True
sub_substring,45.0,0.5492,19.32,100.079,3,0.0096,False,False
sub_substring,25.0,0.5417,24.616,171.091,2,0.0026,False,False
sub_substring,60.0,0.8656,27.425,77.797,3,0.0533,False,True
whole_substring,60.0,0.8808,27.312,59.559,3,0.0668,False,True
whole_substring,25.0,0.8414,31.696,231.66,2,0.0286,False,True
sub_substring,25.0,0.9148,37.96,66.337,3,0.1028,False,True
whole_substring,45.0,0.8747,35.756,69.861,3,0.06,True,True
whole_substring,25.0,0.8535,31.254,161.471,2,0.0429,False,True
sub_substring,45.0,0.9374,19.921,9.725,3,0.0315,True,True
sub_substring,45.0,0.2548,10.442,86.714,3,0.0196,False,True
whole_substring,45.0,0.5343,17.365,98.303,2,0.0,False,False
whole_substring,25.0,0.8259,32.004,214.251,2,0.0122,False,True
sub_substring,25.0,0.5943,25.291,81.448,3,0.0776,False,True
uniform,25.0,0.8402,34.578,81.514,1,0.0152,False,True
sub_substring,45.0,0.5631,23.287,101.199,3,0.0273,False,True
uniform,25.0,0.8541,29.339,32.756,1,0.0286,False,True
uniform,60.0,0.8227,30.454,96.958,1,0.005,False,False
uniform,25.0,0.7992,29.586,210.326,1,0.0,False,False
whole_substring,60.0,0.246,7.909,58.983,2,0.0611,False,True
whole_substring,25.0,0.9061,33.118,64.469,3,0.0986,False,True
whole_substring,60.0,0.8673,26.722,72.667,3,0.0104,True,True
whole_substring,60.0,0.7654,28.632,123.036,1,0.0171,False,True
sub_substring,60.0,0.49,14.555,97.836,2,0.0536,False,True
sub_substring,60.0,0.8325,31.235,102.122,2,0.0158,False,True
sub_substring,60.0,0.5287,14.628,65.114,2,0.0007,False,False
sub_substring,60.0,0.5768,20.774,30.911,3,0.0462,False,True
uniform,60.0,0.8224,25.707,84.023,1,0.0051,False,False
whole_substring,45.0,0.8109,27.167,144.732,1,0.0019,False,False
sub_substring,60.0,0.8523,21.35,67.983,3,0.0383,False,True
whole_substring,45.0,0.5542,21.849,156.457,2,0.014,False,True
sub_substring,45.0,0.8932,35.881,64.18,3,0.0863,False,True
uniform,60.0,0.7802,30.801,236.79,1,0.0047,False,False
whole_substring,45.0,0.5634,18.772,69.803,3,0.0286,False,True
whole_substring,25.0,0.8759,31.661,81.119,3,0.0675,False,True
uniform,60.0,0.8069,32.419,217.408,1,0.0005,False,False
sub_substring,25.0,0.8466,37.033,167.608,1,0.0303,False,True
uniform,45.0,0.8227,27.292,113.711,1,0.0056,False,False
whole_substring,25.0,0.5679,25.336,153.273,3,0.0358,False,True
whole_substring,60.0,0.8629,20.352,38.107,3,0.0443,False,True
whole_substring,45.0,0.2624,10.046,45.191,3,0.0022,False,False
whole_substring,45.0,0.8713,16.927,26.195,2,0.0545,False,True
whole_substring,60.0,0.8392,26.563,125.774,2,0.0232,False,True
whole_substring,60.0,0.5594,21.582,92.799,3,0.0201,False,True
sub_substring,45.0,0.5476,18.434,82.983,3,0.0073,False,False
sub_substring,25.0,0.8887,39.215,100.311,3,0.0794,False,True
sub_substring,25.0,0.58,20.835,85.897,3,0.0564,False,True
whole_substring,25.0,0.5727,26.816,140.12,3,0.046,False,True
whole_substring,25.0,0.8649,32.687,168.513,2,0.0583,False,True
whole_substring,60.0,0.5687,20.434,66.457,3,0.0332,False,True
sub_substring,25.0,0.5824,21.353,75.4,3,0.0616,False,True
whole_substring,45.0,0.2495,9.67,42.958,3,0.039,False,True
whole_substring,25.0,0.854,36.191,92.393,3,0.0417,False,True
whole_substring,60.0,0.4861,14.149,88.158,2,0.058,False,True
sub_substring,25.0,0.9022,34.17,44.901,2,0.0509,True,True
whole_substring,45.0,0.5448,18.441,76.876,2,0.0046,False,False
whole_substring,25.0,0.5688,24.317,141.53,3,0.0329,False,True
whole_substring,25.0,0.8997,38.11,58.676,3,0.0531,True,True
sub_substring,60.0,0.8437,26.534,97.024,2,0.0278,False,True
whole_substring,45.0,0.2517,8.125,44.108,2,0.0324,False,True
sub_substring,25.0,0.2533,9.091,53.633,3,0.0286,False,True
uniform,25.0,0.8553,30.839,61.71,1,0.0302,False,True
uniform,45.0,0.8236,26.13,154.803,1,0.0058,False,False
sub_substring,25.0,0.2626,10.892,66.317,3,0.0022,False,False
whole_substring,60.0,0.2383,6.895,31.607,3,0.1045,False,True
whole_substring,60.0,0.5303,25.442,75.864,2,0.0003,False,False
whole_substring,45.0,0.8669,28.549,42.18,2,0.0523,False,True
whole_substring,60.0,0.839,19.725,62.499,3,0.0258,False,True
uniform,45.0,0.8205,32.647,85.71,1,0.0046,False,False
sub_substring,45.0,0.2455,7.347,27.657,2,0.0687,False,True
sub_substring,60.0,0.5563,22.379,50.328,3,0.0148,False,True
whole_substring,45.0,0.8554,33.949,125.833,1,0.0389,False,True
whole_substring,25.0,0.567,24.239,110.446,3,0.0308,False,True
sub_substring,25.0,0.2588,8.846,25.903,3,0.009,False,False
whole_substring,60.0,0.523,19.857,132.659,2,0.0035,False,False
sub_substring,60.0,0.2431,9.178,42.589,2,0.0824,False,True
uniform,45.0,0.8381,28.147,64.615,1,0.0147,False,True
sub_substring,25.0,0.5528,19.575,90.913,3,0.0166,False,True
sub_substring,45.0,0.5704,23.79,108.096,3,0.0544,False,True
sub_substring,60.0,0.569,20.503,93.02,3,0.037,False,True
sub_substring,45.0,0.244,7.077,40.284,3,0.0805,False,True
whole_substring,45.0,0.8531,31.409,141.71,2,0.0397,False,True
whole_substring,45.0,0.8792,34.286,77.393,3,0.0236,True,True
sub_substring,25.0,0.5526,25.163,146.793,2,0.0101,False,True
sub_substring,45.0,0.5683,23.116,95.03,3,0.0355,False,True
sub_substring,45.0,0.5527,18.29,73.71,3,0.0136,False,True
whole_substring,45.0,0.547,29.349,178.069,3,0.0069,False,False
sub_substring,60.0,0.8325,31.39,73.382,1,0.0127,False,True
sub_substring,45.0,0.5499,19.109,72.203,2,0.0071,False,False
whole_substring,45.0,0.5461,21.148,86.317,2,0.0052,False,False
whole_substring,45.0,0.8539,28.798,128.066,2,0.042,False,True
uniform,25.0,0.8283,30.768,169.158,1,0.0093,False,False
sub_substring,25.0,0.8537,31.008,112.445,1,0.0412,False,True
sub_substring,45.0,0.9055,31.336,122.207,3,0.1071,False,True
sub_substring,25.0,0.8614,38.072,126.468,2,0.0426,False,True
sub_substring,60.0,0.2552,9.161,38.467,3,0.0156,False,True
whole_substring,45.0,0.8153,33.217,203.363,1,0.004,False,False
sub_substring,25.0,0.5675,25.489,117.761,3,0.036,False,True
whole_substring,25.0,0.5514,19.482,99.829,2,0.0108,False,True
sub_substring,60.0,0.5543,21.232,71.915,3,0.0151,False,True
whole_substring,45.0,0.5707,23.301,91.906,3,0.0406,False,True
sub_substring,45.0,0.8793,28.703,59.323,3,0.0671,False,True
sub_substring,60.0,0.5449,21.01,52.907,3,0.0049,False,False
whole_substring,45.0,0.8732,28.238,53.16,3,0.0639,False,True
sub_substring,45.0,0.8946,26.966,74.698,3,0.0782,False,True
whole_substring,25.0,0.5087,10.915,71.469,2,0.0255,False,True
sub_substring,60.0,0.9263,38.202,39.489,3,0.1167,False,True
sub_substring,45.0,0.5594,21.131,46.001,2,0.0215,False,True
sub_substring,60.0,0.5017,15.448,118.478,2,0.0286,False,True
sub_substring,45.0,0.52,17.318,115.779,2,0.0051,False,False
uniform,60.0,0.8135,25.302,86.536,1,0.002,False,False
sub_substring,60.0,0.562,14.135,50.111,3,0.0212,False,True
sub_substring,25.0,0.901,41.98,143.636,3,0.0954,False,True
uniform,45.0,0.834,27.939,146.472,1,0.0117,False,True
sub_substring,45.0,0.8556,31.394,191.705,2,0.0513,False,True
uniform,45.0,0.8076,33.288,179.273,1,0.0007,False,False
sub_substring,25.0,0.878,36.879,34.682,2,0.0659,False,True
whole_substring,60.0,0.832,31.357,185.057,1,0.013,False,True
sub_substring,45.0,0.5704,30.756,114.11,3,0.0389,False,True
sub_substring,25.0,0.5525,19.397,130.351,2,0.0087,False,False
sub_substring,25.0,0.6247,35.614,85.78,3,0.0804,True,True
whole_substring,45.0,0.886,22.996,34.153,3,0.0783,False,True
sub_substring,25.0,0.5763,25.279,86.953,3,0.0506,False,True
sub_substring,45.0,0.258,9.538,70.365,2,0.0117,False,True
whole_substring,60.0,0.8462,27.093,106.396,2,0.0307,False,True
whole_substring,60.0,0.5932,43.059,112.326,3,0.0728,False,True
whole_substring,45.0,0.2452,9.839,49.934,3,0.0631,False,True
whole_substring,25.0,0.2579,8.947,43.969,2,0.0117,False,True
whole_substring,25.0,0.8211,32.57,267.58,1,0.0083,False,False
whole_substring,25.0,0.8654,31.991,120.236,2,0.0548,False,True
whole_substring,60.0,0.8376,50.903,242.336,1,0.0182,False,True
whole_substring,60.0,0.5207,16.684,105.857,2,0.0048,False,False
uniform,45.0,0.8343,31.339,39.145,1,0.0115,False,True
sub_substring,60.0,0.5127,16.619,118.393,2,0.0142,False,True
whole_substring,60.0,0.5626,33.27,167.801,2,0.0208,False,True
whole_substring,25.0,0.2505,8.863,68.029,3,0.0431,False,True
whole_substring,45.0,0.8451,34.49,177.531,2,0.0322,False,True
whole_substring,60.0,0.5374,16.439,88.098,2,0.0005,False,False
sub_substring,45.0,0.8814,27.998,48.866,3,0.0709,False,True
sub_substring,45.0,0.5424,21.303,65.294,2,0.0027,False,False
sub_substring,25.0,0.5957,37.45,102.989,3,0.0817,False,True
whole_substring,60.0,0.546,19.924,101.251,3,0.0049,False,False
whole_substring,45.0,0.8275,34.415,165.745,1,0.0112,False,True
uniform,60.0,0.7719,23.642,166.855,1,0.0094,False,False
sub_substring,60.0,0.8667,29.455,141.421,2,0.0664,False,True
sub_substring,25.0,0.5403,24.879,209.805,2,0.0018,False,False
sub_substring,60.0,0.8815,27.729,67.545,3,0.0695,False,True
whole_substring,45.0,0.8363,22.567,95.023,2,0.0185,False,True
sub_substring,45.0,0.8682,29.382,111.932,3,0.0069,True,False
sub_substring,45.0,0.9144,31.442,76.206,3,0.1107,False,True
sub_substring,25.0,0.5586,20.774,119.232,3,0.0236,False,True
whole_substring,25.0,0.579,20.744,66.846,3,0.0551,False,True
whole_substring,60.0,0.8661,32.877,85.313,3,0.0511,False,True
sub_substring,25.0,0.9036,37.971,98.281,2,0.0703,False,True
uniform,60.0,0.825,25.282,66.099,1,0.0062,False,False
sub_substring,60.0,0.8689,35.623,158.276,3,0.0666,False,True
sub_substring,60.0,0.5654,20.048,57.601,2,0.034,False,True
sub_substring,25.0,0.8958,31.108,48.115,3,0.0673,True,True
sub_substring,45.0,0.5361,17.248,32.694,2,0.0002,False,False
sub_substring,25.0,0.5604,25.207,171.643,2,0.0195,False,True
uniform,25.0,0.8525,38.61,91.519,1,0.028,False,True
whole_substring,25.0,0.878,39.295,151.245,3,0.0704,False,True
uniform,45.0,0.8145,28.473,167.672,1,0.0024,False,False
whole_substring,60.0,0.5653,20.742,96.469,3,0.0276,False,True
whole_substring,45.0,0.8798,47.257,116.267,3,0.0672,False,True
uniform,60.0,0.8073,26.985,137.284,1,0.0006,False,False
sub_substring,45.0,0.8456,28.421,126.324,2,0.0344,False,True
sub_substring,25.0,0.9045,42.364,131.296,3,0.1011,False,True
whole_substring,60.0,0.8406,27.424,96.124,2,0.0241,False,True
whole_substring,60.0,0.8045,33.511,227.207,1,0.0003,False,False
sub_substring,60.0,0.5265,15.435,58.244,3,0.0018,False,False
uniform,45.0,0.8303,31.294,45.763,1,0.009,False,False
sub_substring,25.0,0.568,20.818,115.106,3,0.0358,False,True
whole_substring,25.0,0.879,38.126,61.618,3,0.0697,False,True
sub_substring,45.0,0.8308,46.017,241.753,2,0.0128,False,True
whole_substring,45.0,0.8803,30.013,82.959,2,0.0033,True,False
sub_substring,60.0,0.8796,24.121,78.588,2,0.0756,False,True
whole_substring,25.0,0.8998,33.633,66.702,3,0.095,False,True
whole_substring,25.0,0.532,19.812,166.086,2,0.0,False,False
whole_substring,45.0,0.8422,35.285,155.792,2,0.0238,False,True
whole_substring,60.0,0.866,25.851,54.503,3,0.0494,False,True
whole_substring,25.0,0.5746,31.96,120.414,3,0.0468,False,True
sub_substring,45.0,0.8689,29.819,147.999,3,0.0583,False,True
sub_substring,25.0,0.8446,30.884,164.336,2,0.03,False,True
sub_substring,25.0,0.5937,22.443,88.204,3,0.0862,False,True
whole_substring,60.0,0.535,21.01,135.45,2,0.0001,False,False
sub_substring,60.0,0.8484,25.597,164.018,2,0.0474,False,True
sub_substring,60.0,0.5411,21.089,73.09,2,0.002,False,False
sub_substring,60.0,0.8188,30.708,127.832,1,0.0056,False,False
whole_substring,60.0,0.549,20.916,139.999,3,0.0074,False,False
sub_substring,25.0,0.5858,20.582,67.214,3,0.0771,False,True
uniform,60.0,0.8095,29.947,116.318,1,0.001,False,False
whole_substring,60.0,0.8439,27.162,112.908,2,0.03,False,True
whole_substring,60.0,0.5617,19.576,52.938,3,0.0224,False,True
whole_substring,25.0,0.8702,31.911,135.283,3,0.0605,False,True
sub_substring,45.0,0.8744,29.382,71.283,2,0.0613,False,True
whole_substring,45.0,0.8198,31.161,243.945,2,0.0078,False,False
sub_substring,25.0,0.5868,18.887,63.346,3,0.0636,False,True
whole_substring,25.0,0.5608,25.006,141.901,3,0.0258,False,True
sub_substring,60.0,0.8789,31.284,87.572,2,0.0584,False,True
whole_substring,60.0,0.2486,7.897,37.04,2,0.0452,False,True
sub_substring,45.0,0.5396,20.158,49.829,2,0.0011,False,False
sub_substring,45.0,0.5827,20.339,81.338,3,0.0591,False,True
sub_substring,45.0,0.5601,16.069,58.999,3,0.0197,False,True
whole_substring,25.0,0.8672,39.175,186.364,2,0.0589,False,True
sub_substring,25.0,0.2572,9.655,73.614,3,0.0132,False,True
whole_substring,25.0,0.8547,37.854,181.607,3,0.0443,False,True
whole_substring,60.0,0.8455,26.351,94.128,2,0.0274,False,True
uniform,45.0,0.8234,32.197,96.301,1,0.0057,False,False
sub_substring,60.0,0.8979,29.191,76.98,3,0.1008,False,True
sub_substring,25.0,0.8803,32.286,126.438,3,0.0678,False,True
sub_substring,60.0,0.532,15.254,97.623,2,0.0,False,False
whole_substring,25.0,0.5697,20.106,51.138,3,0.0383,False,True
whole_substring,45.0,0.8281,16.929,95.569,2,0.0156,False,True
whole_substring,60.0,0.5436,16.753,66.088,2,0.003,False,False
whole_substring,25.0,0.5784,25.224,90.026,3,0.0541,False,True
uniform,25.0,0.8541,35.805,39.62,1,0.0283,False,True
whole_substring,45.0,0.2487,9.777,78.975,3,0.045,False,True
sub_substring,45.0,0.9433,41.043,27.393,3,0.1163,True,True
sub_substring,60.0,0.2573,8.805,55.573,3,0.0098,False,False
whole_substring,45.0,0.5641,18.941,73.621,3,0.0292,False,True
whole_substring,45.0,0.8433,24.61,78.465,2,0.0266,False,True
whole_substring,60.0,0.5403,17.936,57.88,3,0.0013,False,False
uniform,60.0,0.8281,30.208,54.886,1,0.0078,False,False
whole_substring,45.0,0.5279,21.109,127.245,2,0.001,False,False
sub_substring,45.0,0.8719,35.948,78.638,3,0.0328,True,True
sub_substring,25.0,0.9053,38.312,38.228,2,0.0974,False,True
sub_substring,60.0,0.8718,32.953,120.904,2,0.071,False,True
sub_substring,60.0,0.5436,20.807,114.959,3,0.0038,False,False
uniform,25.0,0.8402,35.976,127.4,1,0.017,False,True
whole_substring,25.0,0.8309,26.155,128.793,1,0.0148,False,True
uniform,25.0,0.8465,36.891,122.133,1,0.022,False,True
sub_substring,60.0,0.575,22.045,58.899,3,0.0452,False,True
sub_substring,60.0,0.8436,30.504,103.503,3,0.0267,False,True
whole_substring,25.0,0.8476,32.302,183.355,2,0.0348,False,True
sub_substring,25.0,0.8708,31.4,118.629,3,0.0621,False,True
whole_substring,45.0,0.8724,30.026,108.498,3,0.0597,False,True
sub_substring,45.0,0.8683,28.753,60.337,2,0.0563,False,True
whole_substring,25.0,0.8651,47.154,200.433,2,0.0601,False,True
sub_substring,60.0,0.5521,19.517,63.632,3,0.0107,False,True
whole_substring,60.0,0.8171,26.313,148.194,2,0.0039,False,False
uniform,25.0,0.8121,46.485,319.785,1,0.0019,False,False
uniform,25.0,0.8232,38.477,313.329,1,0.0066,False,False
sub_substring,60.0,0.232,7.075,46.553,3,0.1536,True,True
sub_substring,60.0,0.5131,13.221,65.903,2,0.017,False,True
uniform,45.0,0.8238,27.616,109.562,1,0.0062,False,False
whole_substring,25.0,0.5522,24.944,133.348,2,0.0113,False,True
whole_substring,60.0,0.8709,27.098,71.752,2,0.0317,True,True
sub_substring,45.0,0.9025,37.013,131.157,3,0.0919,False,True
sub_substring,60.0,0.5443,19.567,112.721,2,0.0032,False,False
uniform,45.0,0.8397,27.065,48.202,1,0.0153,False,True
sub_substring,25.0,0.9328,35.448,71.217,3,0.1035,True,True
whole_substring,25.0,0.8958,31.683,64.133,3,0.0864,True,True
whole_substring,60.0,0.8734,28.95,98.907,3,0.0482,True,True
sub_substring,60.0,0.8714,29.156,94.818,3,0.0682,False,True
sub_substring,25.0,0.263,12.262,96.786,3,0.0018,False,False
sub_substring,25.0,0.264,11.269,72.611,3,0.001,False,False
whole_substring,25.0,0.8697,31.053,82.025,3,0.0607,False,True
whole_substring,25.0,0.5475,21.177,165.585,2,0.0071,False,False
uniform,60.0,0.8277,32.5,102.811,1,0.008,False,False
uniform,45.0,0.8087,29.333,231.127,1,0.0009,False,False
sub_substring,25.0,0.8801,33.918,134.85,3,0.0739,False,True
uniform,45.0,0.8267,35.29,250.857,1,0.0076,False,False
sub_substring,25.0,0.6191,30.179,126.836,3,0.0858,False,True
sub_substring,45.0,0.5332,21.444,60.719,2,0.0,False,False
sub_substring,25.0,0.9292,55.046,124.259,3,0.0812,True,True
sub_substring,45.0,0.5528,18.238,84.522,3,0.0198,False,True
whole_substring,45.0,0.5501,21.332,64.761,2,0.0072,False,False
whole_substring,25.0,0.5356,23.153,140.258,2,0.0002,False,False
sub_substring,60.0,0.2458,7.714,51.528,3,0.0614,False,True
sub_substring,60.0,0.5656,21.093,80.934,3,0.0293,False,True
sub_substring,60.0,0.5405,16.855,85.167,3,0.0018,False,False
uniform,45.0,0.8108,27.688,159.764,1,0.0014,False,False
sub_substring,60.0,0.4969,17.861,121.108,2,0.0364,False,True
sub_substring,25.0,0.9189,33.614,72.756,3,0.1232,False,True
whole_substring,60.0,0.8512,26.944,35.6,2,0.0292,False,True
uniform,25.0,0.8515,32.76,109.211,1,0.0249,False,True
uniform,45.0,0.806,28.213,186.405,1,0.0004,False,False
whole_substring,60.0,0.5726,19.967,36.859,3,0.0357,False,True
whole_substring,45.0,0.8104,32.572,227.919,1,0.0015,False,False
sub_substring,60.0,0.5504,17.161,85.623,3,0.0166,False,True
sub_substring,60.0,0.5785,23.918,127.477,3,0.0502,False,True
whole_substring,45.0,0.8633,28.837,114.906,2,0.0516,False,True
uniform,45.0,0.8144,24.401,114.148,1,0.0022,False,False
whole_substring,25.0,0.8761,32.71,118.091,2,0.0656,False,True
whole_substring,25.0,0.8955,51.428,75.092,3,0.079,False,True
sub_substring,60.0,0.5651,22.685,132.224,3,0.0282,False,True
uniform,45.0,0.8273,33.082,66.666,1,0.0078,False,False
whole_substring,60.0,0.5427,17.392,60.243,2,0.0026,False,False
sub_substring,25.0,0.255,11.056,71.096,3,0.0209,False,True
whole_substring,25.0,0.5777,25.187,100.581,3,0.0522,False,True
whole_substring,60.0,0.7969,24.73,109.02,1,0.0001,False,False
sub_substring,60.0,0.8358,26.552,111.955,2,0.0154,False,True
whole_substring,45.0,0.5687,22.823,102.826,3,0.0356,False,True
whole_substring,60.0,0.8644,33.299,76.014,2,0.0488,False,True
uniform,60.0,0.7937,25.618,153.756,1,0.0005,False,False
sub_substring,25.0,0.2787,12.233,63.506,3,0.0241,False,True
whole_substring,60.0,0.5131,15.73,124.962,2,0.0113,False,True
uniform,25.0,0.8255,36.205,115.628,1,0.0078,False,False
whole_substring,45.0,0.5798,18.752,66.207,3,0.05,False,True
whole_substring,45.0,0.8812,17.248,26.873,3,0.0669,False,True
sub_substring,25.0,0.9131,41.002,172.053,3,0.0789,True,True
whole_substring,45.0,0.8427,28.123,107.441,3,0.0295,False,True
whole_substring,45.0,0.5519,19.593,121.482,3,0.0127,False,True
sub_substring,25.0,0.6148,26.718,67.347,3,0.1198,False,True
whole_substring,60.0,0.5217,19.311,126.904,2,0.0046,False,False
sub_substring,60.0,0.8559,24.923,21.927,2,0.0341,False,True
whole_substring,25.0,0.8394,32.344,247.982,1,0.0184,False,True
whole_substring,25.0,0.8922,24.015,58.512,2,0.0756,False,True
whole_substring,60.0,0.8512,31.767,52.198,2,0.0358,False,True
whole_substring,25.0,0.8896,33.689,147.183,3,0.0849,False,True
sub_substring,60.0,0.8824,31.862,20.675,3,0.0682,False,True
sub_substring,45.0,0.8792,28.731,101.505,2,0.0706,False,True
sub_substring,45.0,0.544,17.881,79.985,2,0.0036,False,False
sub_substring,45.0,0.5826,19.646,77.607,3,0.0694,False,True
sub_substring,60.0,0.5591,19.663,62.291,3,0.0197,False,True
sub_substring,25.0,0.562,20.302,114.564,3,0.0265,False,True
sub_substring,25.0,0.5809,25.984,93.95,3,0.0573,False,True
whole_substring,25.0,0.5919,26.483,95.332,3,0.0748,False,True
whole_substring,45.0,0.8262,31.934,93.124,1,0.009,False,False
whole_substring,45.0,0.5778,23.401,87.811,3,0.0489,False,True
sub_substring,45.0,0.8521,28.332,97.182,2,0.0378,False,True
whole_substring,25.0,0.5368,19.499,121.394,2,0.0004,False,False
uniform,45.0,0.8116,33.111,230.923,1,0.0016,False,False
sub_substring,25.0,0.9236,42.513,137.638,3,0.1223,False,True
sub_substring,60.0,0.546,16.858,74.84,3,0.0055,False,False
sub_substring,25.0,0.2603,11.507,72.975,3,0.0063,False,False
sub_substring,60.0,0.8269,33.119,235.84,1,0.0149,False,True
uniform,25.0,0.84,30.537,118.622,1,0.0176,False,True
whole_substring,25.0,0.5773,20.339,49.995,3,0.0524,False,True
uniform,25.0,0.8121,36.362,246.227,1,0.0018,False,False
whole_substring,25.0,0.8664,31.254,100.535,2,0.0572,False,True
sub_substring,45.0,0.8351,28.006,135.927,1,0.0206,False,True
whole_substring,45.0,0.5481,17.868,60.933,2,0.0066,False,False
whole_substring,25.0,0.8532,32.851,176.244,2,0.0425,False,True
sub_substring,25.0,0.5507,20.854,165.158,2,0.0131,False,True
whole_substring,25.0,0.867,41.358,192.047,2,0.0573,False,True
whole_substring,25.0,0.5516,24.511,178.528,2,0.0109,False,True
whole_substring,25.0,0.9027,31.339,113.51,3,0.083,True,True
uniform,60.0,0.8102,25.328,91.458,1,0.0011,False,False
whole_substring,45.0,0.5397,21.578,117.835,2,0.0012,False,False
sub_substring,60.0,0.5437,20.354,99.819,2,0.0026,False,False
whole_substring,25.0,0.5638,11.946,55.695,3,0.0304,False,True
whole_substring,60.0,0.2484,9.644,77.72,3,0.0436,False,True
whole_substring,60.0,0.5191,19.854,146.934,2,0.0056,False,False
whole_substring,45.0,0.8454,29.927,132.086,2,0.0319,False,True
whole_substring,25.0,0.8772,31.809,85.14,3,0.0671,False,True
whole_substring,45.0,0.8667,34.67,53.412,2,0.05,False,True
sub_substring,45.0,0.2372,6.648,41.799,3,0.1277,False,True
whole_substring,60.0,0.5333,20.705,140.11,2,0.0,False,False
sub_substring,25.0,0.9083,40.747,115.397,3,0.1128,False,True
uniform,60.0,0.817,27.74,22.294,1,0.0027,False,False
sub_substring,45.0,0.4396,3.424,22.67,2,0.3628,False,True
sub_substring,60.0,0.913,31.677,71.886,3,0.1062,False,True
uniform,25.0,0.8551,47.36,63.869,1,0.0297,False,True
sub_substring,60.0,0.8756,43.494,131.391,3,0.0748,False,True
whole_substring,60.0,0.2416,8.683,55.416,3,0.0785,False,True
uniform,45.0,0.81,27.986,154.497,1,0.0012,False,False
sub_substring,25.0,0.9276,25.384,29.726,3,0.095,False,True
sub_substring,45.0,0.839,34.332,163.54,2,0.0256,False,True
uniform,25.0,0.8202,31.155,202.02,1,0.005,False,False
whole_substring,60.0,0.8647,32.153,69.696,3,0.0516,False,True
whole_substring,60.0,0.8628,27.977,71.786,3,0.0492,False,True
sub_substring,45.0,0.5198,16.962,86.002,3,0.0082,False,False
whole_substring,25.0,0.5556,20.357,117.259,3,0.0166,False,True
whole_substring,45.0,0.2655,10.098,44.868,2,0.0001,False,False
whole_substring,25.0,0.5649,24.335,108.98,3,0.0305,False,True
sub_substring,60.0,0.9164,29.173,83.462,3,0.0169,True,True
sub_substring,25.0,0.5739,20.69,79.048,3,0.058,False,True
whole_substring,45.0,0.848,36.451,238.166,2,0.0357,False,True
whole_substring,60.0,0.5247,19.045,90.322,2,0.0017,False,False
whole_substring,45.0,0.8421,32.867,150.687,3,0.0267,False,True
sub_substring,45.0,0.566,21.953,72.368,3,0.031,False,True
whole_substring,45.0,0.8505,46.158,174.892,3,0.0384,False,True
whole_substring,25.0,0.8867,38.395,54.767,2,0.0712,False,True
uniform,60.0,0.8218,29.878,59.392,1,0.0044,False,False
whole_substring,45.0,0.8416,26.58,75.983,2,0.0255,False,True
whole_substring,45.0,0.836,27.263,91.614,2,0.0151,False,True
whole_substring,45.0,0.8363,34.093,156.525,2,0.0205,False,True
uniform,25.0,0.8425,35.745,180.96,1,0.0174,False,True
sub_substring,25.0,0.8338,30.919,200.906,1,0.0292,False,True
sub_substring,45.0,0.8715,23.342,69.02,2,0.0591,False,True
sub_substring,60.0,0.5411,12.83,67.649,3,0.0019,False,False
uniform,45.0,0.8093,27.67,165.399,1,0.001,False,False
sub_substring,45.0,0.9097,30.732,69.348,3,0.1116,False,True
whole_substring,25.0,0.8197,31.146,210.943,1,0.0056,False,False
whole_substring,45.0,0.8034,25.925,144.454,1,0.0002,False,False
sub_substring,60.0,0.2381,6.985,31.183,3,0.1193,False,True
whole_substring,25.0,0.904,33.853,38.886,3,0.0936,False,True
whole_substring,25.0,0.8828,38.881,91.356,3,0.0756,False,True
whole_substring,60.0,0.8607,25.517,51.576,3,0.0432,False,True
sub_substring,25.0,0.568,20.188,84.818,3,0.0366,False,True
whole_substring,45.0,0.863,36.35,154.819,3,0.0488,False,True
whole_substring,45.0,0.2442,7.98,53.498,3,0.0747,False,True
sub_substring,45.0,0.5719,18.858,62.93,3,0.04,False,True
whole_substring,45.0,0.5188,21.027,130.147,2,0.0064,False,False
uniform,60.0,0.7942,24.701,107.498,1,0.0004,False,False
uniform,25.0,0.8272,35.425,155.153,1,0.0086,False,False
uniform,60.0,0.8262,14.127,12.025,1,0.0065,False,False
whole_substring,60.0,0.4941,19.417,154.227,2,0.0434,False,True
sub_substring,45.0,0.5557,19.316,64.693,3,0.0174,False,True
uniform,25.0,0.836,35.684,95.858,1,0.0139,False,True
whole_substring,25.0,0.2665,14.998,85.437,3,0.0,False,False
uniform,25.0,0.8098,36.165,224.213,1,0.0012,False,False
whole_substring,25.0,0.5588,21.026,110.592,3,0.0234,False,True
uniform,60.0,0.8179,25.109,109.989,1,0.0032,False,False
sub_substring,60.0,0.8468,31.079,78.957,2,0.0296,False,True
uniform,25.0,0.816,30.01,161.535,1,0.0033,False,False
whole_substring,25.0,0.8517,40.729,224.437,2,0.0391,False,True
whole_substring,25.0,0.2618,15.371,112.81,3,0.0033,False,False
sub_substring,60.0,0.5354,18.745,61.384,3,0.0001,False,False
sub_substring,25.0,0.5722,16.277,44.928,3,0.0397,False,True
sub_substring,60.0,0.5201,19.6,59.976,2,0.0054,False,False
sub_substring,60.0,0.888,31.622,18.816,3,0.0781,False,True
uniform,25.0,0.8272,30.088,125.427,1,0.0086,False,False
sub_substring,45.0,0.8922,29.836,57.084,3,0.0835,False,True
whole_substring,25.0,0.2496,6.727,31.446,3,0.051,False,True
sub_substring,25.0,0.8388,29.953,129.438,1,0.0214,False,True
sub_substring,60.0,0.2451,7.884,47.888,2,0.0659,False,True
sub_substring,60.0,0.8464,32.189,143.256,2,0.0341,False,True
uniform,45.0,0.8048,35.423,316.48,1,0.0003,False,False
whole_substring,45.0,0.8631,34.183,76.289,3,0.0497,False,True
whole_substring,45.0,0.5731,22.574,45.539,3,0.0421,False,True
sub_substring,25.0,0.9161,33.407,90.937,3,0.1124,False,True
whole_substring,60.0,0.865,30.991,55.05,2,0.0496,False,True
uniform,25.0,0.8087,34.827,259.028,1,0.0009,False,False
uniform,45.0,0.8155,28.713,160.724,1,0.0029,False,False
sub_substring,45.0,0.5849,23.064,97.246,3,0.0731,False,True
uniform,25.0,0.8448,36.197,128.076,1,0.0193,False,True
sub_substring,45.0,0.2401,9.177,39.066,3,0.0935,False,True
uniform,60.0,0.8026,26.234,186.204,1,0.0001,False,False
sub_substring,25.0,0.8805,32.036,126.677,3,0.0731,False,True
sub_substring,45.0,0.5738,21.669,109.205,3,0.0392,False,True
sub_substring,25.0,0.557,25.475,184.182,2,0.0178,False,True
uniform,25.0,0.8377,33.056,105.571,1,0.0153,False,True
sub_substring,60.0,0.8638,32.587,96.269,2,0.0499,False,True
whole_substring,25.0,0.8614,30.707,74.802,2,0.0467,False,True
whole_substring,25.0,0.252,8.837,66.358,3,0.0333,False,True
whole_substring,25.0,0.8808,39.952,170.507,3,0.0745,False,True
whole_substring,25.0,0.2648,9.703,37.533,2,0.0004,False,False
sub_substring,60.0,0.2403,7.676,58.241,3,0.1057,False,True
whole_substring,25.0,0.5541,20.394,108.372,3,0.0155,False,True
sub_substring,60.0,0.9187,34.545,58.865,3,0.1042,False,True
whole_substring,45.0,0.5567,26.677,94.789,2,0.0172,False,True
whole_substring,25.0,0.5405,20.031,130.318,2,0.0016,False,False
uniform,60.0,0.7732,30.655,239.669,1,0.009,False,False
sub_substring,25.0,0.8715,38.498,170.07,3,0.0626,False,True
whole_substring,45.0,0.4852,5.627,37.683,2,0.087,False,True
sub_substring,25.0,0.264,11.571,98.613,3,0.001,False,False
uniform,45.0,0.8397,28.174,64.103,1,0.0163,False,True
uniform,60.0,0.7998,25.001,115.023,1,0.0,False,False
sub_substring,45.0,0.5382,18.113,100.578,3,0.0009,False,False
sub_substring,25.0,0.5708,19.883,83.573,3,0.0374,False,True
sub_substring,25.0,0.6847,28.858,108.535,1,0.0278,False,True
sub_substring,25.0,0.5517,24.689,186.099,2,0.0107,False,True
sub_substring,45.0,0.8478,28.421,110.29,2,0.0362,False,True
uniform,25.0,0.8329,29.95,121.581,1,0.0119,False,True
sub_substring,60.0,0.8258,14.552,85.296,2,0.0102,False,True
whole_substring,60.0,0.8622,27.176,104.559,3,0.0497,False,True
whole_substring,45.0,0.8612,29.298,67.836,2,0.0436,False,True
whole_substring,60.0,0.8705,30.584,39.428,3,0.0569,False,True
sub_substring,25.0,0.8596,38.508,193.255,1,0.0391,False,True
sub_substring,45.0,0.8814,36.669,131.878,3,0.0698,False,True
sub_substring,45.0,0.5498,17.619,50.295,2,0.0083,False,False
whole_substring,45.0,0.5482,22.175,78.748,3,0.0076,False,False
sub_substring,60.0,0.556,29.128,112.534,3,0.0168,False,True
whole_substring,60.0,0.8356,31.353,100.537,2,0.0196,False,True
whole_substring,45.0,0.5197,21.002,96.166,2,0.0066,False,False
whole_substring,45.0,0.5529,19.013,85.257,3,0.0129,False,True
sub_substring,45.0,0.552,21.858,61.658,3,0.012,False,True
whole_substring,60.0,0.8523,27.554,119.554,2,0.0398,False,True
whole_substring,45.0,0.8267,16.799,83.745,2,0.0103,False,True
whole_substring,25.0,0.2493,9.051,74.78,3,0.0497,False,True
whole_substring,25.0,0.8635,38.48,201.473,2,0.0532,False,True
uniform,25.0,0.8653,38.426,39.774,1,0.0399,False,True
uniform,60.0,0.7905,31.274,233.728,1,0.001,False,False
whole_substring,45.0,0.8544,28.851,112.576,3,0.041,False,True
sub_substring,25.0,0.254,10.48,45.474,3,0.0244,False,True
whole_substring,45.0,0.8301,28.028,136.932,2,0.0161,False,True
sub_substring,60.0,0.5463,21.292,103.137,3,0.006,False,False
sub_substring,60.0,0.534,26.849,147.459,2,0.0,False,False
whole_substring,45.0,0.8725,33.638,52.754,2,0.0587,False,True
uniform,45.0,0.7942,28.425,221.87,1,0.0004,False,False
whole_substring,45.0,0.5452,19.075,106.722,2,0.0036,False,False
sub_substring,45.0,0.5213,10.505,35.216,2,0.0061,False,False
sub_substring,45.0,0.8755,30.554,148.691,2,0.0648,False,True
sub_substring,60.0,0.52,16.535,121.263,2,0.0061,False,False
whole_substring,25.0,0.88,31.914,95.084,2,0.0708,False,True
uniform,60.0,0.8029,31.29,189.669,1,0.0001,False,False
whole_substring,60.0,0.8105,25.531,155.6,2,0.0015,False,False
whole_substring,25.0,0.8536,30.237,71.178,1,0.0312,False,True
sub_substring,45.0,0.5713,18.5,63.482,3,0.0401,False,True
uniform,45.0,0.8135,27.523,133.177,1,0.0022,False,False
whole_substring,25.0,0.8808,37.244,91.795,2,0.0666,False,True
whole_substring,45.0,0.8241,35.43,238.925,1,0.0101,False,True
whole_substring,60.0,0.8602,30.552,107.499,3,0.0396,False,True
uniform,60.0,0.7704,25.291,187.816,1,0.0109,False,True
whole_substring,45.0,0.5515,18.448,84.893,2,0.0098,False,False
whole_substring,45.0,0.5554,23.021,126.89,3,0.0169,False,True
sub_substring,25.0,0.5799,24.871,112.026,3,0.0551,False,True
sub_substring,25.0,0.233,4.709,28.385,3,0.1566,True,True
whole_substring,25.0,0.5458,24.685,186.39,2,0.0051,False,False
uniform,25.0,0.8468,37.727,92.721,1,0.0223,False,True
whole_substring,45.0,0.554,21.859,90.951,3,0.0128,False,True
uniform,45.0,0.826,32.436,96.634,1,0.0068,False,False
sub_substring,45.0,0.5358,18.449,119.999,2,0.0002,False,False
sub_substring,45.0,0.8688,7.986,24.081,2,0.0562,False,True
whole_substring,45.0,0.8839,35.23,108.525,3,0.0328,True,True
uniform,25.0,0.8357,34.802,50.147,1,0.0122,False,True
whole_substring,45.0,0.5371,17.922,104.071,2,0.0005,False,False
whole_substring,45.0,0.8386,34.075,104.8,1,0.0208,False,True
whole_substring,25.0,0.8862,38.814,80.162,2,0.0149,True,True
uniform,45.0,0.8171,27.903,165.312,1,0.0033,False,False
sub_substring,45.0,0.8791,29.051,78.704,2,0.07,False,True
sub_substring,60.0,0.244,7.595,62.582,3,0.0699,False,True
sub_substring,25.0,0.5693,18.195,54.395,3,0.0377,False,True
sub_substring,60.0,0.538,19.85,137.411,2,0.0005,False,False
uniform,60.0,0.8249,24.862,49.785,1,0.0062,False,False
sub_substring,25.0,0.8842,31.607,126.876,3,0.0786,False,True
sub_substring,25.0,0.579,29.844,134.761,2,0.06,False,True
sub_substring,45.0,0.5116,17.701,138.239,2,0.0155,False,True
uniform,60.0,0.768,24.794,188.132,1,0.0122,False,True
uniform,25.0,0.821,37.692,294.866,1,0.0055,False,False
whole_substring,60.0,0.5497,19.881,96.263,3,0.0079,False,False
whole_substring,45.0,0.8426,29.249,192.863,1,0.0268,False,True
uniform,60.0,0.7985,24.963,146.471,1,0.0,False,False
sub_substring,60.0,0.5278,14.672,85.984,3,0.0012,False,False
sub_substring,60.0,0.5634,21.105,87.756,3,0.0372,False,True
whole_substring,25.0,0.8823,30.844,42.671,2,0.072,False,True
whole_substring,25.0,0.5788,25.508,79.635,3,0.0513,False,True
whole_substring,25.0,0.8286,39.02,307.295,1,0.0134,False,True
sub_substring,45.0,0.9138,39.296,89.747,3,0.1173,False,True
sub_substring,25.0,0.8802,39.058,153.602,3,0.0794,False,True
whole_substring,45.0,0.2228,4.266,32.297,2,0.2964,False,True
whole_substring,60.0,0.8671,33.835,152.505,2,0.0546,False,True
whole_substring,45.0,0.5742,24.113,109.529,3,0.0462,False,True
sub_substring,25.0,0.5757,20.107,84.519,3,0.0487,False,True
whole_substring,25.0,0.8623,46.258,346.903,2,0.0527,False,True
sub_substring,25.0,0.2597,11.728,66.925,3,0.0071,False,False
sub_substring,25.0,0.5821,21.539,62.192,3,0.0595,False,True
whole_substring,25.0,0.5943,28.144,104.633,3,0.0328,True,True
whole_substring,60.0,0.858,33.884,115.67,3,0.044,False,True
whole_substring,25.0,0.8628,32.412,146.924,2,0.0513,False,True
uniform,25.0,0.8057,30.667,240.077,1,0.0004,False,False
sub_substring,45.0,0.901,49.18,130.941,2,0.099,False,True
sub_substring,45.0,0.571,18.205,54.103,2,0.0359,False,True
whole_substring,45.0,0.5427,21.999,131.11,2,0.003,False,False
uniform,60.0,0.797,25.087,105.228,1,0.0001,False,False
whole_substring,60.0,0.8359,28.576,134.513,2,0.0169,False,True
whole_substring,45.0,0.5574,14.06,54.944,3,0.0172,False,True
sub_substring,60.0,0.2463,8.921,19.512,3,0.0618,False,True
whole_substring,25.0,0.8679,38.04,166.747,2,0.0569,False,True
sub_substring,45.0,0.5409,20.055,161.651,2,0.0023,False,False
whole_substring,45.0,0.852,45.019,119.748,2,0.0369,False,True
sub_substring,45.0,0.5593,18.568,68.719,3,0.0219,False,True
whole_substring,25.0,0.5419,33.918,154.093,2,0.002,False,False
whole_substring,45.0,0.8756,36.323,146.735,3,0.0674,False,True
sub_substring,60.0,0.5403,17.573,90.498,2,0.0015,False,False
whole_substring,60.0,0.8722,28.06,82.385,2,0.0472,True,True
whole_substring,60.0,0.8281,22.671,46.907,1,0.0087,False,False
sub_substring,60.0,0.2387,9.007,68.643,3,0.1054,False,True
whole_substring,45.0,0.5302,17.31,103.508,2,0.0003,False,False
sub_substring,25.0,0.8465,32.868,178.179,1,0.0343,False,True
sub_substring,45.0,0.8908,29.338,101.565,3,0.0435,False,True
sub_substring,60.0,0.5212,20.423,149.316,2,0.0055,False,False
whole_substring,45.0,0.8664,46.796,228.671,2,0.0548,False,True
whole_substring,45.0,0.5685,16.471,57.815,3,0.0337,False,True
sub_substring,45.0,0.8807,35.339,89.111,3,0.081,False,True
whole_substring,60.0,0.855,33.916,124.113,3,0.0418,False,True
sub_substring,45.0,0.5638,22.818,82.644,3,0.0291,False,True
whole_substring,25.0,0.2622,9.603,79.36,2,0.0028,False,False
sub_substring,25.0,0.5815,20.71,50.447,3,0.0583,False,True
whole_substring,45.0,0.5518,17.286,86.827,2,0.0099,False,False
whole_substring,45.0,0.5246,17.124,119.43,2,0.0025,False,False
whole_substring,60.0,0.8359,26.218,77.896,2,0.0173,False,True
uniform,25.0,0.8437,24.229,96.981,1,0.0187,False,True
whole_substring,60.0,0.5495,21.981,136.691,3,0.0091,False,False
uniform,25.0,0.8214,36.728,273.243,1,0.0056,False,False
whole_substring,45.0,0.2522,9.424,40.542,3,0.027,False,True
sub_substring,60.0,0.8599,39.823,40.348,3,0.042,False,True
sub_substring,25.0,0.5635,17.897,34.356,3,0.0294,False,True
sub_substring,45.0,0.8877,29.724,90.24,2,0.0437,True,True
whole_substring,45.0,0.8088,27.783,158.9,1,0.0014,False,False
whole_substring,45.0,0.851,35.211,133.686,2,0.0369,False,True
uniform,25.0,0.7996,29.015,222.815,1,0.0,False,False
sub_substring,45.0,0.5628,22.879,104.538,3,0.0284,False,True
whole_substring,25.0,0.5676,21.032,120.252,3,0.0356,False,True
uniform,60.0,0.8202,31.262,181.453,1,0.0041,False,False
sub_substring,60.0,0.5332,17.438,107.179,3,0.0,False,False
whole_substring,60.0,0.5283,27.066,129.896,2,0.0007,False,False
whole_substring,45.0,0.5537,17.642,42.36,2,0.0125,False,True
whole_substring,25.0,0.8878,40.291,176.074,3,0.0802,False,True
whole_substring,60.0,0.8675,34.173,142.33,2,0.0304,True,True
sub_substring,60.0,0.5227,20.197,82.777,2,0.0041,False,False
sub_substring,60.0,0.9113,28.704,47.473,3,0.1125,False,True
whole_substring,25.0,0.8893,33.81,115.726,2,0.085,False,True
sub_substring,45.0,0.5562,21.91,93.679,3,0.0168,False,True
sub_substring,45.0,0.519,17.11,128.74,2,0.0058,False,False
sub_substring,25.0,0.5509,23.533,136.699,2,0.0096,False,False
whole_substring,25.0,0.8696,30.958,106.844,3,0.0533,False,True
uniform,60.0,0.766,24.001,143.048,1,0.015,False,True
uniform,25.0,0.8089,30.101,222.878,1,0.001,False,False
sub_substring,25.0,0.5976,38.466,59.641,3,0.0848,False,True
whole_substring,25.0,0.8485,36.964,121.212,2,0.0354,False,True
sub_substring,45.0,0.5546,19.039,88.949,3,0.0153,False,True
uniform,25.0,0.8574,38.853,156.425,1,0.0326,False,True
uniform,60.0,0.8268,26.057,65.521,1,0.0075,False,False
sub_substring,25.0,0.8988,41.177,163.225,3,0.1027,False,True
sub_substring,25.0,0.888,19.683,49.408,2,0.0603,True,True
whole_substring,45.0,0.8406,27.834,120.564,2,0.026,False,True
sub_substring,45.0,0.547,21.697,129.062,2,0.0059,False,False
uniform,25.0,0.8232,48.879,207.883,1,0.0064,False,False
sub_substring,45.0,0.8856,38.578,114.697,3,0.0781,False,True
whole_substring,25.0,0.8737,31.842,99.338,3,0.0656,False,True
whole_substring,25.0,0.8958,39.229,104.592,3,0.0902,False,True
sub_substring,45.0,0.5767,22.58,56.106,3,0.046,False,True
sub_substring,45.0,0.5507,21.303,71.859,2,0.0079,False,False
uniform,45.0,0.8031,27.97,207.224,1,0.0001,False,False
whole_substring,45.0,0.8526,29.673,142.644,2,0.0409,False,True
whole_substring,60.0,0.8641,26.983,149.686,2,0.0508,False,True
whole_substring,60.0,0.5835,28.432,65.665,3,0.0547,False,True
whole_substring,45.0,0.5356,19.038,112.006,2,0.0002,False,False
sub_substring,45.0,0.9073,35.501,96.867,2,0.0581,True,True
whole_substring,45.0,0.8684,33.896,49.812,2,0.0498,False,True
sub_substring,25.0,0.2512,10.773,76.241,3,0.0374,False,True
sub_substring,45.0,0.92,31.18,80.613,3,0.1108,False,True
whole_substring,25.0,0.2623,9.066,53.548,3,0.0024,False,False
sub_substring,25.0,0.8908,32.862,157.852,3,0.0953,False,True
sub_substring,25.0,0.5724,23.933,72.852,3,0.041,False,True
whole_substring,45.0,0.5654,21.975,89.276,2,0.0262,False,True
whole_substring,60.0,0.8283,31.092,69.017,1,0.0118,False,True
uniform,45.0,0.8117,33.142,158.395,1,0.0016,False,False
sub_substring,45.0,0.8897,29.922,72.041,2,0.0567,True,True
sub_substring,60.0,0.5346,17.14,128.105,2,0.0001,False,False
uniform,60.0,0.7598,29.418,221.839,1,0.0198,False,True
sub_substring,45.0,0.5357,21.411,77.14,2,0.0002,False,False
whole_substring,25.0,0.8994,33.447,86.032,3,0.0875,True,True
whole_substring,45.0,0.8203,33.317,227.692,1,0.0073,False,False
whole_substring,45.0,0.8748,35.567,89.244,3,0.0636,False,True
whole_substring,60.0,0.5441,17.118,82.6,3,0.0039,False,False
whole_substring,60.0,0.8053,31.471,245.877,1,0.0005,False,False
uniform,60.0,0.7981,27.839,46.807,1,0.0,False,False
sub_substring,60.0,0.8876,27.792,69.615,3,0.0904,False,True
whole_substring,25.0,0.8383,37.725,236.387,3,0.0269,False,True
whole_substring,60.0,0.8591,23.231,89.315,2,0.0404,False,True
uniform,45.0,0.8256,32.437,81.084,1,0.007,False,False
sub_substring,25.0,0.8986,32.684,83.938,2,0.0881,False,True
whole_substring,60.0,0.8654,31.658,55.116,3,0.0133,True,True
whole_substring,45.0,0.5731,19.265,64.691,3,0.0407,False,True
whole_substring,25.0,0.5573,26.943,153.475,3,0.0195,False,True
whole_substring,60.0,0.5512,18.008,42.941,2,0.01,False,True
sub_substring,45.0,0.5551,19.218,98.145,3,0.0156,False,True
whole_substring,25.0,0.8973,40.135,79.466,3,0.0894,False,True
sub_substring,45.0,0.2452,7.988,45.293,3,0.0719,False,True
whole_substring,45.0,0.8249,28.655,190.361,2,0.0107,False,True
sub_substring,45.0,0.8651,33.098,66.396,2,0.0476,False,True
sub_substring,45.0,0.9255,36.895,62.583,3,0.1267,False,True
uniform,45.0,0.7971,28.226,235.664,1,0.0001,False,False
sub_substring,25.0,0.5721,21.335,117.671,3,0.0523,False,True
sub_substring,45.0,0.5439,19.758,114.418,2,0.0034,False,False
sub_substring,45.0,0.8759,30.751,126.455,3,0.0651,False,True
whole_substring,25.0,0.8683,32.306,151.44,2,0.0495,False,True
sub_substring,25.0,0.5658,24.905,96.316,2,0.0309,False,True
whole_substring,25.0,0.5432,20.654,161.522,2,0.0039,False,False
sub_substring,25.0,0.9229,42.398,121.163,3,0.1181,False,True
whole_substring,60.0,0.7996,30.728,133.044,1,0.0,False,False
sub_substring,60.0,0.8572,26.462,75.964,3,0.0443,False,True
whole_substring,25.0,0.5594,20.779,135.002,3,0.0224,False,True
sub_substring,45.0,0.5545,23.852,69.273,2,0.0135,False,True
uniform,45.0,0.7989,30.331,237.544,1,0.0,False,False
whole_substring,25.0,0.8684,31.29,142.799,3,0.0609,False,True
sub_substring,25.0,0.2454,8.654,64.306,3,0.0697,False,True
sub_substring,60.0,0.5579,20.624,80.464,3,0.0165,False,True
uniform,25.0,0.8493,37.668,115.097,1,0.0256,False,True
whole_substring,25.0,0.8725,34.237,193.892,3,0.065,False,True
whole_substring,60.0,0.2431,9.15,55.473,3,0.0724,False,True
uniform,25.0,0.8348,31.308,177.162,1,0.0138,False,True
whole_substring,45.0,0.8491,29.009,116.591,3,0.0361,False,True
whole_substring,60.0,0.2497,7.397,55.512,2,0.0335,False,True
sub_substring,45.0,0.536,20.782,78.994,2,0.0002,False,False
sub_substring,45.0,0.5587,23.931,108.913,3,0.021,False,True
uniform,25.0,0.7948,36.866,306.109,1,0.0004,False,False
uniform,45.0,0.8309,32.243,81.084,1,0.0094,False,False
whole_substring,25.0,0.8501,37.148,152.759,2,0.0329,False,True
uniform,45.0,0.8196,32.462,110.862,1,0.0041,False,False
whole_substring,45.0,0.8497,28.177,87.585,2,0.034,False,True
sub_substring,45.0,0.2421,7.772,56.085,3,0.086,False,True
whole_substring,45.0,0.8932,31.547,122.339,3,0.0247,True,True
sub_substring,25.0,0.856,37.441,122.699,2,0.037,False,True
whole_substring,25.0,0.8984,38.511,77.109,3,0.0576,True,True
whole_substring,60.0,0.8397,26.754,82.702,2,0.0243,False,True
whole_substring,25.0,0.8555,37.729,139.038,2,0.0414,False,True
sub_substring,45.0,0.5476,22.608,76.175,2,0.0068,False,False
sub_substring,45.0,0.8736,22.813,76.242,3,0.0452,True,True
uniform,25.0,0.8331,37.893,191.928,1,0.0117,False,True
whole_substring,25.0,0.8897,37.866,49.205,3,0.0803,False,True
sub_substring,45.0,0.875,35.21,150.845,2,0.0269,True,True
sub_substring,45.0,0.8883,30.852,105.574,3,0.0878,False,True
uniform,45.0,0.8144,32.35,112.153,1,0.0023,False,False
sub_substring,25.0,0.9029,35.761,106.309,3,0.0974,False,True
sub_substring,45.0,0.5428,22.468,154.402,2,0.0031,False,False
whole_substring,60.0,0.8167,25.899,138.879,2,0.004,False,False
whole_substring,45.0,0.5285,21.786,149.376,2,0.0007,False,False
sub_substring,60.0,0.5226,17.406,116.686,2,0.0035,False,False
whole_substring,60.0,0.5243,15.874,72.678,2,0.0021,False,False
uniform,25.0,0.8521,30.458,64.168,1,0.0262,False,True
whole_substring,25.0,0.8603,37.445,157.231,3,0.0487,False,True
whole_substring,25.0,0.8631,30.211,87.421,3,0.0507,False,True
whole_substring,25.0,0.8123,29.769,217.832,1,0.0021,False,False
whole_substring,25.0,0.2624,11.021,70.834,3,0.0024,False,False
whole_substring,45.0,0.5683,33.334,141.033,3,0.0341,False,True
uniform,25.0,0.8404,35.676,196.322,1,0.0161,False,True
sub_substring,45.0,0.2553,9.634,44.779,3,0.0161,False,True
uniform,60.0,0.8113,34.151,223.902,1,0.0015,False,False
sub_substring,60.0,0.8623,27.436,101.496,2,0.0611,False,True
sub_substring,25.0,0.5544,20.443,125.834,3,0.0154,False,True
whole_substring,25.0,0.5748,20.197,58.733,3,0.0481,False,True
sub_substring,60.0,0.2584,17.061,76.979,3,0.0093,False,False
whole_substring,60.0,0.548,22.485,148.613,3,0.0074,False,False
whole_substring,60.0,0.8572,26.659,71.397,2,0.0351,False,True
whole_substring,60.0,0.8313,29.688,112.118,2,0.0127,False,True
whole_substring,25.0,0.8937,31.735,67.108,3,0.0876,False,True
sub_substring,45.0,0.5348,18.117,122.437,2,0.0001,False,False
whole_substring,25.0,0.8687,38.246,103.847,2,0.0567,False,True
whole_substring,25.0,0.5842,23.946,43.564,3,0.0593,False,True
sub_substring,45.0,0.8406,34.083,139.805,2,0.025,False,True
whole_substring,25.0,0.844,38.596,213.762,2,0.0323,False,True
sub_substring,25.0,0.6089,22.023,65.767,3,0.1113,False,True
sub_substring,45.0,0.898,36.055,75.261,2,0.0965,False,True
whole_substring,45.0,0.8836,30.382,81.223,3,0.0746,False,True
sub_substring,45.0,0.8394,28.083,88.485,2,0.0189,False,True
sub_substring,25.0,0.5396,21.306,182.861,2,0.0013,False,False
whole_substring,60.0,0.571,20.339,29.659,3,0.0358,False,True
uniform,60.0,0.8034,23.762,71.148,1,0.0001,False,False
uniform,25.0,0.8158,36.564,213.455,1,0.0031,False,False
sub_substring,25.0,0.548,13.389,74.855,3,0.009,False,False
uniform,45.0,0.7826,31.877,224.371,1,0.004,False,False
whole_substring,45.0,0.8671,26.554,29.467,3,0.0543,False,True
uniform,60.0,0.823,25.999,66.682,1,0.0055,False,False
uniform,45.0,0.8284,27.945,101.65,1,0.0087,False,False
whole_substring,45.0,0.5631,19.29,82.083,3,0.0282,False,True
whole_substring,60.0,0.5295,16.8,94.618,3,0.0006,False,False
sub_substring,60.0,0.5315,20.848,137.434,2,0.0001,False,False
whole_substring,45.0,0.875,35.421,100.718,3,0.0638,False,True
sub_substring,25.0,0.5762,20.743,59.281,3,0.0501,False,True
whole_substring,60.0,0.524,20.038,119.215,2,0.0029,False,False
whole_substring,45.0,0.8508,21.71,46.26,2,0.0305,False,True
whole_substring,25.0,0.5527,17.523,91.061,2,0.0095,False,False
whole_substring,60.0,0.8474,26.175,76.131,3,0.031,False,True
sub_substring,45.0,0.2492,8.4,53.901,3,0.0471,False,True
sub_substring,25.0,0.8859,32.69,106.811,2,0.0892,False,True
sub_substring,25.0,0.8926,34.169,66.761,1,0.0845,False,True
whole_substring,25.0,0.5505,21.679,104.237,2,0.008,False,False
whole_substring,45.0,0.8666,28.42,70.777,3,0.0543,False,True
sub_substring,25.0,0.8735,32.224,111.038,3,0.06,False,True
whole_substring,25.0,0.8491,32.549,216.263,1,0.0365,False,True
uniform,25.0,0.8379,29.659,83.624,1,0.0148,False,True
uniform,25.0,0.8129,24.036,147.198,1,0.0021,False,False
sub_substring,60.0,0.5824,19.678,68.867,3,0.0579,False,True
whole_substring,25.0,0.5593,21.275,111.273,3,0.0223,False,True
whole_substring,60.0,0.8686,26.925,42.66,3,0.0552,False,True
sub_substring,25.0,0.241,8.387,59.559,3,0.1095,False,True
uniform,60.0,0.8349,31.773,62.196,1,0.0121,False,True
whole_substring,60.0,0.8475,30.397,32.438,3,0.0306,False,True
whole_substring,45.0,0.251,8.362,62.455,3,0.0329,False,True
sub_substring,25.0,0.5624,19.756,40.766,2,0.0257,False,True
uniform,25.0,0.8435,37.041,125.679,1,0.02,False,True
sub_substring,25.0,0.5539,19.681,91.173,2,0.0125,False,True
whole_substring,25.0,0.575,24.93,136.717,3,0.0454,False,True
sub_substring,60.0,0.8809,33.841,97.399,2,0.0788,False,True
whole_substring,25.0,0.5733,23.519,136.447,3,0.0448,False,True
sub_substring,45.0,0.2515,10.58,83.651,3,0.0359,False,True
whole_substring,60.0,0.8626,28.911,124.303,2,0.0356,True,True
sub_substring,60.0,0.8566,27.391,72.133,3,0.0427,False,True
uniform,60.0,0.7824,25.456,190.849,1,0.004,False,False
sub_substring,60.0,0.5869,21.547,86.356,3,0.068,False,True
sub_substring,45.0,0.567,21.813,53.574,3,0.0412,False,True
whole_substring,25.0,0.8933,38.594,89.186,3,0.0867,False,True
uniform,25.0,0.8498,48.255,105.487,1,0.0253,False,True
sub_substring,25.0,0.9251,34.142,64.353,2,0.1141,False,True
uniform,60.0,0.8123,29.053,58.003,1,0.0015,False,False
sub_substring,25.0,0.5877,24.942,34.957,3,0.0622,True,True
whole_substring,45.0,0.8574,29.028,122.101,3,0.0431,False,True
sub_substring,60.0,0.5688,22.226,78.288,3,0.0351,False,True
whole_substring,60.0,0.8335,30.692,119.328,2,0.0166,False,True
sub_substring,45.0,0.5453,20.632,103.359,2,0.0036,False,False
whole_substring,60.0,0.5117,16.497,118.457,2,0.0138,False,True
whole_substring,25.0,0.5407,19.91,132.054,2,0.0019,False,False
uniform,60.0,0.8056,33.827,191.541,1,0.0004,False,False
whole_substring,25.0,0.5801,20.846,70.302,3,0.0538,False,True
whole_substring,45.0,0.8886,28.754,25.704,3,0.0804,False,True
sub_substring,60.0,0.238,7.463,51.611,3,0.1191,False,True
whole_substring,60.0,0.8784,54.379,134.769,3,0.0691,False,True
uniform,45.0,0.833,32.708,51.272,1,0.011,False,True
uniform,25.0,0.8475,38.155,145.147,1,0.0236,False,True
sub_substring,60.0,0.5437,10.088,40.444,3,0.0036,False,False
sub_substring,60.0,0.5592,28.178,112.403,2,0.0297,False,True
sub_substring,25.0,0.8712,28.297,100.51,2,0.0668,False,True
uniform,45.0,0.7985,27.836,211.982,1,0.0,False,False
whole_substring,60.0,0.8708,27.461,60.069,2,0.0599,False,True
sub_substring,45.0,0.845,31.259,215.589,2,0.0333,False,True
whole_substring,60.0,0.2518,7.956,56.229,3,0.0287,False,True
sub_substring,25.0,0.2573,9.399,68.115,3,0.0138,False,True
whole_substring,60.0,0.8908,30.898,24.232,3,0.0619,True,True
whole_substring,45.0,0.5509,17.852,113.159,2,0.009,False,False
sub_substring,60.0,0.8818,21.948,48.316,3,0.0633,True,True
sub_substring,25.0,0.6069,22.279,82.162,3,0.0939,False,True
sub_substring,45.0,0.8885,32.217,133.856,3,0.0032,True,False
sub_substring,45.0,0.5629,18.264,55.194,3,0.0269,False,True
sub_substring,45.0,0.5477,21.008,46.836,3,0.0071,False,False
whole_substring,45.0,0.8029,35.052,279.314,1,0.0001,False,False
sub_substring,45.0,0.9016,32.77,125.525,3,0.0897,False,True
sub_substring,25.0,0.9125,29.015,81.76,2,0.0568,False,True
sub_substring,60.0,0.5499,19.26,42.697,2,0.0071,False,False
sub_substring,45.0,0.2529,9.927,76.985,3,0.0248,False,True
whole_substring,60.0,0.8367,25.796,103.571,2,0.0175,False,True
whole_substring,25.0,0.8176,30.113,190.956,1,0.0042,False,False
sub_substring,25.0,0.5706,20.805,88.97,3,0.041,False,True
sub_substring,60.0,0.523,18.074,137.149,2,0.0042,False,False
sub_substring,60.0,0.5248,16.066,80.445,3,0.0028,False,False
whole_substring,45.0,0.8686,29.35,138.536,2,0.053,False,True
whole_substring,45.0,0.5677,21.314,84.729,3,0.0291,False,True
sub_substring,60.0,0.5469,16.694,105.137,3,0.0094,False,False
sub_substring,60.0,0.9148,35.885,65.48,3,0.1135,False,True
sub_substring,25.0,0.2583,11.369,62.857,3,0.011,False,True
sub_substring,60.0,0.884,29.295,65.543,3,0.0728,False,True
whole_substring,60.0,0.822,30.368,97.335,1,0.0077,False,False
whole_substring,45.0,0.5224,17.676,110.034,2,0.004,False,False
whole_substring,45.0,0.534,20.572,67.626,2,0.0,False,False
sub_substring,60.0,0.2328,7.931,70.676,3,0.1198,True,True
whole_substring,45.0,0.8339,27.761,131.966,2,0.0188,False,True
sub_substring,25.0,0.2557,9.03,55.668,3,0.0198,False,True
sub_substring,60.0,0.5688,18.432,60.568,3,0.0342,False,True
whole_substring,45.0,0.5249,20.786,137.733,2,0.0019,False,False
sub_substring,25.0,0.5895,25.743,77.204,3,0.0707,False,True
whole_substring,60.0,0.5746,21.308,60.512,3,0.0426,False,True
sub_substring,45.0,0.5264,16.368,101.997,3,0.0022,False,False
sub_substring,60.0,0.8806,34.419,111.384,3,0.0657,False,True
uniform,45.0,0.7968,27.131,181.039,1,0.0001,False,False
whole_substring,45.0,0.8783,35.646,103.119,3,0.0688,False,True
whole_substring,45.0,0.5253,15.494,105.493,2,0.0019,False,False
sub_substring,60.0,0.8695,26.882,76.054,3,0.0531,True,True
sub_substring,45.0,0.5678,30.382,74.238,3,0.0343,False,True
whole_substring,25.0,0.8896,33.424,125.878,3,0.0846,False,True
sub_substring,60.0,0.533,16.431,88.94,2,0.0,False,False
sub_substring,45.0,0.5842,17.371,70.616,3,0.0671,False,True
whole_substring,25.0,0.5661,20.844,122.683,3,0.0341,False,True
sub_substring,45.0,0.8839,24.937,36.554,3,0.0703,False,True
sub_substring,25.0,0.9031,32.758,64.622,3,0.1068,False,True
whole_substring,60.0,0.869,34.197,99.123,3,0.0577,False,True
whole_substring,60.0,0.5625,17.086,46.882,3,0.0247,False,True
sub_substring,45.0,0.5608,17.651,120.981,2,0.0245,False,True
sub_substring,60.0,0.8625,33.301,150.494,2,0.0597,False,True
sub_substring,25.0,0.9285,33.899,60.254,3,0.1311,False,True
uniform,45.0,0.7665,6.098,43.375,1,0.0142,False,True
whole_substring,25.0,0.2593,9.006,32.614,3,0.0078,False,False
whole_substring,45.0,0.5397,21.638,103.655,2,0.0014,False,False
whole_substring,25.0,0.8818,33.697,163.239,2,0.0753,False,True
uniform,25.0,0.8085,30.959,252.626,1,0.001,False,False
sub_substring,60.0,0.8653,33.693,86.94,3,0.0542,False,True
whole_substring,25.0,0.8586,27.414,78.619,1,0.0413,False,True
sub_substring,60.0,0.553,20.501,103.781,3,0.0117,False,True
uniform,60.0,0.8057,40.477,251.806,1,0.0004,False,False
sub_substring,45.0,0.8666,34.559,153.407,2,0.0417,False,True
sub_substring,45.0,0.2471,7.794,54.233,3,0.0533,False,True
whole_substring,25.0,0.8756,30.66,74.394,3,0.0668,False,True
sub_substring,25.0,0.898,35.682,135.199,3,0.0941,False,True
whole_substring,45.0,0.8594,28.886,147.459,2,0.0464,False,True
sub_substring,25.0,0.91,41.894,84.433,3,0.1053,False,True
whole_substring,60.0,0.5319,20.455,123.821,3,0.0001,False,False
whole_substring,60.0,0.5513,20.287,79.36,2,0.0085,False,False
sub_substring,25.0,0.5537,24.324,162.933,2,0.0143,False,True
whole_substring,60.0,0.8057,26.213,195.285,1,0.0005,False,False
uniform,25.0,0.8327,37.6,223.953,1,0.0123,False,True
sub_substring,45.0,0.526,17.526,71.986,2,0.0016,False,False
whole_substring,60.0,0.2376,7.016,46.526,3,0.1134,False,True
sub_substring,60.0,0.5328,16.569,103.354,2,0.0,False,False
whole_substring,60.0,0.7893,22.806,90.703,2,0.0016,False,False
uniform,60.0,0.8223,25.642,55.388,1,0.0051,False,False
sub_substring,25.0,0.89,32.782,108.484,2,0.0848,False,True
uniform,45.0,0.7577,26.108,215.674,1,0.0237,False,True
sub_substring,25.0,0.9147,28.37,48.964,3,0.0643,False,True
whole_substring,60.0,0.5308,19.921,106.609,2,0.0002,False,False
sub_substring,45.0,0.5653,19.256,60.693,3,0.0327,False,True
whole_substring,45.0,0.8314,46.028,233.898,2,0.0135,False,True
sub_substring,60.0,0.8566,25.794,70.937,3,0.0404,False,True
whole_substring,60.0,0.555,18.012,79.91,3,0.0155,False,True
whole_substring,25.0,0.8741,31.425,107.786,3,0.0673,False,True
uniform,60.0,0.7923,30.05,160.367,1,0.0007,False,False
sub_substring,45.0,0.2447,7.917,50.185,2,0.0744,False,True
sub_substring,60.0,0.6054,22.35,43.091,3,0.0923,False,True
sub_substring,25.0,0.885,32.833,84.29,2,0.079,False,True
uniform,60.0,0.81,14.973,56.287,1,0.0011,False,False
sub_substring,25.0,0.8803,32.425,86.352,3,0.0723,False,True
uniform,60.0,0.8085,29.813,151.75,1,0.0007,False,False
sub_substring,60.0,0.5385,16.508,69.088,2,0.0009,False,False
whole_substring,60.0,0.2203,3.858,18.017,2,0.3417,True,True
sub_substring,45.0,0.923,24.133,40.31,3,0.0822,True,True
sub_substring,25.0,0.5449,25.426,211.382,2,0.0049,False,False
uniform,45.0,0.8208,33.735,203.145,1,0.0048,False,False
uniform,25.0,0.8558,29.407,33.555,1,0.0302,False,True
whole_substring,60.0,0.8338,31.174,142.349,3,0.018,False,True
whole_substring,45.0,0.5463,18.392,106.508,3,0.0059,False,False
sub_substring,45.0,0.8849,29.208,86.758,2,0.0808,False,True
whole_substring,60.0,0.8839,31.038,16.857,3,0.0722,False,True
sub_substring,45.0,0.8893,30.53,57.164,2,0.032,True,True
whole_substring,25.0,0.8695,31.756,133.402,2,0.0558,False,True
whole_substring,60.0,0.5667,15.646,50.727,3,0.0307,False,True
sub_substring,45.0,0.8829,30.508,95.282,3,0.0736,False,True
whole_substring,25.0,0.5475,24.113,129.258,2,0.0065,False,False
sub_substring,25.0,0.5646,25.89,150.005,3,0.0319,False,True
whole_substring,45.0,0.8382,34.783,185.705,2,0.0242,False,True
sub_substring,45.0,0.8672,46.543,115.485,3,0.0656,False,True
whole_substring,25.0,0.8844,31.03,100.683,3,0.0626,True,True
whole_substring,45.0,0.5411,21.179,84.279,2,0.0017,False,False
sub_substring,60.0,0.531,25.375,75.83,2,0.0002,False,False
whole_substring,45.0,0.562,22.433,97.199,3,0.0213,False,True
whole_substring,25.0,0.8708,31.136,70.98,2,0.0533,False,True
whole_substring,60.0,0.8257,27.406,107.876,1,0.0103,False,True
uniform,25.0,0.8078,30.024,235.159,1,0.0008,False,False
sub_substring,25.0,0.5794,21.832,72.117,3,0.0555,False,True
sub_substring,60.0,0.2343,7.077,41.251,2,0.159,False,True
sub_substring,25.0,0.8961,38.641,102.914,3,0.0883,False,True
whole_substring,45.0,0.8214,28.534,132.72,1,0.0064,False,False
whole_substring,25.0,0.8782,31.888,126.49,3,0.0702,False,True
whole_substring,60.0,0.2441,8.886,32.372,2,0.0667,False,True
whole_substring,45.0,0.8486,29.086,140.015,2,0.0355,False,True
sub_substring,25.0,0.8955,32.813,73.031,3,0.0867,False,True
sub_substring,25.0,0.909,31.66,33.15,3,0.1027,False,True
whole_substring,45.0,0.5548,19.023,99.873,3,0.015,False,True
sub_substring,45.0,0.5728,23.622,75.582,3,0.0529,False,True
sub_substring,60.0,0.8448,31.468,80.663,3,0.0286,False,True
whole_substring,45.0,0.8662,27.299,31.997,2,0.0533,False,True
whole_substring,60.0,0.835,31.317,145.465,3,0.0186,False,True
sub_substring,60.0,0.5375,21.573,129.668,3,0.0007,False,False
whole_substring,25.0,0.564,23.992,173.755,2,0.0242,False,True
sub_substring,60.0,0.5355,19.897,134.907,2,0.0001,False,False
whole_substring,45.0,0.8503,29.646,132.717,3,0.0367,False,True
uniform,45.0,0.8403,27.976,42.452,1,0.0162,False,True
sub_substring,45.0,0.2447,7.801,32.45,3,0.0745,False,True
sub_substring,60.0,0.5599,17.111,57.014,3,0.0212,False,True
sub_substring,25.0,0.5828,20.112,45.829,3,0.0557,False,True
sub_substring,45.0,0.5227,21.578,168.299,2,0.0043,False,False
sub_substring,60.0,0.8746,32.261,107.701,3,0.0615,False,True
whole_substring,45.0,0.5346,17.562,87.224,2,0.0,False,False
sub_substring,60.0,0.8743,29.964,38.525,2,0.0578,False,True
uniform,60.0,0.7814,30.345,198.873,1,0.0041,False,False
sub_substring,25.0,0.5767,20.634,54.509,3,0.0488,False,True
sub_substring,45.0,0.5361,16.276,112.736,3,0.0003,False,False
sub_substring,60.0,0.5804,17.916,63.834,3,0.0654,False,True
whole_substring,25.0,0.8903,38.148,64.826,2,0.0843,False,True
whole_substring,45.0,0.8864,37.265,79.992,3,0.0771,False,True
sub_substring,45.0,0.5525,18.739,75.663,3,0.0132,False,True
whole_substring,60.0,0.8103,26.125,167.623,2,0.0019,False,False
sub_substring,25.0,0.5614,32.739,163.949,3,0.0344,False,True
uniform,45.0,0.7887,31.828,253.067,1,0.0016,False,False
sub_substring,45.0,0.5594,22.072,103.368,2,0.0195,False,True
whole_substring,25.0,0.8644,40.066,266.584,2,0.0557,False,True
sub_substring,25.0,0.5756,23.89,57.515,3,0.0475,False,True
whole_substring,60.0,0.8311,31.794,137.91,2,0.0165,False,True
whole_substring,60.0,0.5601,21.022,115.746,3,0.0207,False,True
whole_substring,25.0,0.5613,17.705,75.146,3,0.026,False,True
sub_substring,25.0,0.5217,18.558,106.88,2,0.0047,False,False
whole_substring,45.0,0.8622,29.96,134.323,2,0.0507,False,True
sub_substring,60.0,0.25,8.101,51.397,3,0.0422,False,True
sub_substring,25.0,0.588,24.695,35.077,3,0.0554,True,True
whole_substring,45.0,0.5388,21.813,160.83,2,0.0008,False,False
sub_substring,45.0,0.5704,20.123,69.481,3,0.04,False,True
sub_substring,60.0,0.8887,28.2,99.66,2,0.0913,True,True
whole_substring,25.0,0.5746,25.657,84.321,3,0.0477,False,True
whole_substring,45.0,0.8666,28.522,65.031,2,0.0523,False,True
sub_substring,25.0,0.619,35.387,65.792,3,0.0223,True,True
whole_substring,60.0,0.8547,29.804,107.67,2,0.0414,False,True
sub_substring,60.0,0.5596,26.572,62.009,3,0.0185,False,True
whole_substring,25.0,0.8854,30.201,39.503,3,0.0763,False,True
sub_substring,60.0,0.5193,16.912,124.08,2,0.006,False,False
whole_substring,60.0,0.2398,8.818,62.014,3,0.0896,False,True
uniform,60.0,0.7807,25.301,198.597,1,0.0045,False,False
sub_substring,45.0,0.8865,29.412,66.173,2,0.0776,False,True
whole_substring,45.0,0.8846,35.584,67.235,2,0.0396,True,True
uniform,25.0,0.848,29.17,58.817,1,0.0232,False,True
whole_substring,45.0,0.8276,27.796,149.97,2,0.0131,False,True
whole_substring,25.0,0.2512,8.863,60.923,3,0.0364,False,True
uniform,45.0,0.8232,32.297,124.601,1,0.0057,False,False
sub_substring,60.0,0.5412,16.121,71.674,2,0.0019,False,False
sub_substring,60.0,0.5372,16.97,67.075,2,0.0004,False,False
sub_substring,25.0,0.8818,32.664,129.299,3,0.0727,False,True
whole_substring,45.0,0.8743,30.023,107.623,2,0.0219,True,True
uniform,60.0,0.7833,24.724,169.701,1,0.0034,False,False
whole_substring,60.0,0.5501,17.642,78.897,3,0.0099,False,False
sub_substring,45.0,0.5721,19.31,91.424,3,0.053,False,True
whole_substring,45.0,0.8252,33.384,168.262,1,0.0104,False,True
uniform,25.0,0.8398,36.376,146.75,1,0.0171,False,True
sub_substring,25.0,0.9089,41.537,96.616,3,0.1137,False,True
sub_substring,45.0,0.5449,24.611,147.102,2,0.0039,False,False
whole_substring,25.0,0.8843,31.862,67.701,3,0.0764,False,True
uniform,45.0,0.8335,32.205,126.446,1,0.0114,False,True
whole_substring,45.0,0.5725,23.471,80.934,3,0.0415,False,True
sub_substring,60.0,0.8461,27.001,85.475,3,0.0318,False,True
whole_substring,25.0,0.2585,9.544,64.955,2,0.0101,False,True
sub_substring,45.0,0.875,29.74,112.021,2,0.0653,False,True
sub_substring,25.0,0.8999,30.672,26.404,2,0.0822,False,True
whole_substring,60.0,0.8348,31.704,135.118,2,0.0167,False,True
whole_substring,25.0,0.8598,32.488,148.813,2,0.049,False,True
whole_substring,25.0,0.5593,20.673,108.76,3,0.0231,False,True
uniform,45.0,0.8211,27.172,192.867,1,0.0045,False,False
uniform,60.0,0.8092,29.736,119.908,1,0.001,False,False
sub_substring,60.0,0.5121,19.193,106.109,2,0.0134,False,True
whole_substring,60.0,0.8503,28.168,139.624,2,0.0372,False,True
sub_substring,45.0,0.2747,10.86,31.582,3,0.0125,False,True
whole_substring,60.0,0.8514,27.519,79.958,3,0.0355,False,True
sub_substring,60.0,0.2441,7.468,38.72,2,0.0804,False,True
whole_substring,45.0,0.8704,38.908,216.591,2,0.0641,False,True
sub_substring,60.0,0.5614,17.868,56.085,3,0.0235,False,True
sub_substring,25.0,0.5478,23.66,79.422,2,0.0068,False,False
whole_substring,25.0,0.8702,37.873,114.893,2,0.0591,False,True
whole_substring,60.0,0.8415,42.616,191.351,3,0.0268,False,True
sub_substring,25.0,0.5639,23.829,63.652,3,0.0308,False,True
sub_substring,45.0,0.568,22.695,82.572,3,0.0342,False,True
uniform,45.0,0.8004,43.853,215.93,1,0.0,False,False
whole_substring,60.0,0.8258,36.565,33.575,1,0.0075,False,False
whole_substring,25.0,0.5443,21.24,184.632,2,0.0036,False,False
uniform,25.0,0.836,29.888,106.06,1,0.0139,False,True
whole_substring,60.0,0.8185,29.311,84.795,1,0.0045,False,False
whole_substring,25.0,0.5649,25.034,114.56,3,0.0312,False,True
whole_substring,25.0,0.8772,33.109,143.501,3,0.0695,False,True
whole_substring,45.0,0.8567,33.436,65.795,2,0.0416,False,True
whole_substring,60.0,0.8629,26.887,83.193,3,0.0449,False,True
whole_substring,45.0,0.8421,28.147,141.287,3,0.0278,False,True
sub_substring,45.0,0.8906,17.354,50.174,2,0.0634,False,True
whole_substring,45.0,0.8581,36.468,167.467,2,0.0458,False,True
whole_substring,60.0,0.865,27.149,65.112,3,0.0514,False,True
whole_substring,25.0,0.8511,27.652,98.383,2,0.0327,False,True
sub_substring,25.0,0.5756,20.956,70.802,3,0.0491,False,True
whole_substring,60.0,0.8515,24.684,83.748,2,0.0315,False,True
whole_substring,60.0,0.5208,15.117,66.087,2,0.0041,False,False
sub_substring,45.0,0.24,7.722,44.115,3,0.1111,False,True
uniform,25.0,0.8318,30.562,173.473,1,0.0113,False,True
sub_substring,45.0,0.5793,22.617,66.197,3,0.0505,False,True
whole_substring,45.0,0.5436,18.515,94.452,2,0.0034,False,False
whole_substring,45.0,0.8615,30.557,144.263,3,0.0502,False,True
whole_substring,45.0,0.5313,17.518,101.584,2,0.0002,False,False
sub_substring,45.0,0.5717,22.943,58.911,3,0.0403,False,True
sub_substring,25.0,0.8775,28.309,108.432,3,0.0663,False,True
sub_substring,60.0,0.5531,17.783,96.489,3,0.0121,False,True
whole_substring,25.0,0.8765,44.253,225.194,3,0.0638,False,True
uniform,25.0,0.8481,47.868,104.668,1,0.0224,False,True
sub_substring,45.0,0.5619,18.079,50.784,3,0.0249,False,True
whole_substring,25.0,0.2631,10.004,45.925,3,0.0019,False,False
uniform,60.0,0.8111,26.255,106.889,1,0.0013,False,False
uniform,25.0,0.8409,35.816,125.315,1,0.0178,False,True
sub_substring,60.0,0.2429,7.359,36.984,3,0.0772,True,True
sub_substring,45.0,0.2713,15.374,62.168,3,0.0022,False,False
sub_substring,45.0,0.912,31.333,66.097,3,0.1153,False,True
whole_substring,60.0,0.8395,26.326,107.437,2,0.0241,False,True
sub_substring,25.0,0.5731,20.679,65.504,3,0.0414,False,True
uniform,45.0,0.7771,31.893,239.138,1,0.0069,False,False
whole_substring,60.0,0.521,16.448,104.07,2,0.0053,False,False
whole_substring,60.0,0.8366,33.596,139.643,2,0.0189,False,True
whole_substring,45.0,0.5636,18.827,74.669,3,0.0278,False,True
sub_substring,25.0,0.5784,20.269,73.648,3,0.048,False,True
whole_substring,45.0,0.8191,24.452,119.668,1,0.0055,False,False
sub_substring,25.0,0.2597,10.725,42.493,3,0.0063,False,False
whole_substring,60.0,0.8502,30.376,87.297,3,0.0312,False,True
whole_substring,60.0,0.8682,33.64,87.753,2,0.0497,False,True
whole_substring,60.0,0.5568,19.165,103.004,3,0.0181,False,True
whole_substring,45.0,0.8359,22.487,104.529,2,0.0232,False,True
sub_substring,45.0,0.5977,26.64,91.163,3,0.0882,False,True
sub_substring,45.0,0.8844,25.807,52.351,3,0.0744,False,True
uniform,45.0,0.8068,27.361,152.229,1,0.0005,False,False
sub_substring,45.0,0.9189,34.773,42.831,3,0.0911,True,True
sub_substring,60.0,0.5466,16.186,61.285,3,0.0054,False,False
whole_substring,25.0,0.5643,21.858,132.645,3,0.0309,False,True
sub_substring,45.0,0.2538,10.481,73.344,3,0.0246,False,True
whole_substring,45.0,0.8539,31.513,58.798,3,0.0388,False,True
sub_substring,45.0,0.5517,19.052,107.582,2,0.0165,False,True
whole_substring,25.0,0.8781,36.674,73.203,2,0.0565,False,True
whole_substring,25.0,0.8655,33.863,185.364,2,0.0571,False,True
whole_substring,45.0,0.5232,17.861,122.757,3,0.0044,False,False
whole_substring,60.0,0.5321,19.844,122.07,2,0.0,False,False
whole_substring,45.0,0.8557,29.87,96.529,2,0.042,False,True
sub_substring,45.0,0.244,9.46,52.124,3,0.0757,False,True
sub_substring,25.0,0.2614,11.517,93.131,3,0.0041,False,False
whole_substring,60.0,0.808,31.017,159.151,1,0.001,False,False
whole_substring,25.0,0.8508,37.913,203.831,2,0.0361,False,True
whole_substring,45.0,0.8647,36.754,207.401,2,0.0536,False,True
whole_substring,25.0,0.5457,25.951,186.907,2,0.005,False,False
whole_substring,25.0,0.5652,24.011,84.673,2,0.0252,False,True
whole_substring,45.0,0.8653,29.717,132.263,2,0.0542,False,True
whole_substring,60.0,0.5207,16.899,105.442,2,0.0047,False,False
whole_substring,60.0,0.5306,16.684,73.131,2,0.0002,False,False
sub_substring,25.0,0.8821,31.483,86.352,3,0.0683,False,True
uniform,45.0,0.8166,35.624,256.638,1,0.0032,False,False
sub_substring,25.0,0.2563,10.848,61.214,3,0.0166,False,True
sub_substring,45.0,0.8866,32.626,102.93,3,0.0809,False,True
whole_substring,45.0,0.5481,18.246,57.966,2,0.007,False,False
sub_substring,60.0,0.8576,32.397,117.482,3,0.0454,False,True
sub_substring,45.0,0.5357,18.157,97.762,2,0.0002,False,False
whole_substring,25.0,0.8413,30.753,158.412,2,0.0286,False,True
whole_substring,45.0,0.8656,34.365,121.96,3,0.0537,False,True
sub_substring,25.0,0.259,9.176,44.723,3,0.0083,False,False
sub_substring,45.0,0.9113,23.642,30.725,2,0.0524,False,True
sub_substring,45.0,0.8638,34.819,95.57,3,0.0529,False,True
whole_substring,60.0,0.2475,8.45,31.713,2,0.045,False,True
whole_substring,25.0,0.5802,24.676,67.96,3,0.057,False,True
sub_substring,60.0,0.8707,34.388,67.968,2,0.0574,False,True
uniform,25.0,0.8216,30.259,191.843,1,0.0056,False,False
sub_substring,60.0,0.5553,17.038,91.362,3,0.0173,False,True
whole_substring,25.0,0.2626,11.245,56.6,3,0.0023,False,False
whole_substring,60.0,0.5093,16.248,124.856,2,0.0165,False,True
whole_substring,60.0,0.5699,16.973,30.472,3,0.0341,False,True
uniform,25.0,0.856,28.713,27.013,1,0.0304,False,True
whole_substring,45.0,0.8534,34.427,122.51,3,0.04,False,True
whole_substring,45.0,0.863,34.439,121.845,3,0.0481,False,True
whole_substring,60.0,0.8741,31.802,34.84,3,0.0594,False,True
whole_substring,25.0,0.8861,33.696,104.795,3,0.0811,False,True
uniform,60.0,0.7775,24.598,188.272,1,0.006,False,False
uniform,60.0,0.809,27.013,147.125,1,0.001,False,False
uniform,25.0,0.8433,34.504,67.074,1,0.0187,False,True
uniform,45.0,0.8305,29.026,100.542,1,0.0099,False,False
sub_substring,25.0,0.5358,20.045,131.381,3,0.0003,False,False
whole_substring,25.0,0.8603,34.721,49.134,1,0.0383,False,True
whole_substring,60.0,0.8003,29.131,71.938,1,0.0,False,False
sub_substring,45.0,0.8967,35.679,48.902,3,0.0999,False,True
sub_substring,60.0,0.5205,16.702,110.546,2,0.0066,False,False
sub_substring,45.0,0.9089,56.522,94.106,3,0.1001,False,True
whole_substring,45.0,0.8533,28.114,81.204,2,0.0365,False,True
sub_substring,60.0,0.5397,19.719,120.605,2,0.001,False,False
sub_substring,25.0,0.564,22.635,116.32,3,0.0256,False,True
sub_substring,60.0,0.5279,16.267,94.18,2,0.001,False,False
whole_substring,60.0,0.2498,8.592,26.538,3,0.0334,False,True
sub_substring,25.0,0.5514,21.33,105.663,2,0.0103,False,True
whole_substring,25.0,0.556,24.641,160.806,2,0.0138,False,True
whole_substring,45.0,0.8398,32.826,113.15,2,0.0214,False,True
sub_substring,45.0,0.5408,25.341,193.411,2,0.0024,False,False
sub_substring,60.0,0.5615,17.749,74.919,3,0.033,False,True
sub_substring,25.0,0.5969,22.148,127.092,3,0.0904,False,True
uniform,45.0,0.8328,31.484,46.489,1,0.0103,False,True
whole_substring,60.0,0.5215,15.706,98.611,2,0.004,False,False
sub_substring,25.0,0.2664,11.036,38.976,3,0.0,False,False
whole_substring,60.0,0.2346,7.165,55.426,3,0.055,True,True
sub_substring,45.0,0.8572,47.145,211.179,3,0.0471,False,True
sub_substring,45.0,0.9145,31.259,79.874,3,0.1059,True,True
uniform,25.0,0.8457,35.349,104.464,1,0.0201,False,True
uniform,45.0,0.7506,20.019,145.51,1,0.0319,False,True
whole_substring,25.0,0.8404,38.016,237.292,1,0.0265,False,True
whole_substring,60.0,0.7952,23.732,114.613,1,0.0003,False,False
uniform,45.0,0.8043,27.811,207.622,1,0.0002,False,False
whole_substring,60.0,0.847,25.983,58.393,2,0.0301,False,True
whole_substring,45.0,0.2549,8.256,35.112,2,0.0196,False,True
whole_substring,25.0,0.5858,25.082,86.105,3,0.065,False,True
uniform,60.0,0.8205,24.472,45.297,1,0.0042,False,False
sub_substring,25.0,0.5804,22.82,67.786,3,0.0564,False,True
uniform,25.0,0.7971,23.926,140.331,1,0.0001,False,False
sub_substring,25.0,0.888,29.613,93.82,3,0.0922,False,True
whole_substring,45.0,0.5348,17.211,75.505,2,0.0001,False,False
sub_substring,60.0,0.5439,20.774,115.069,2,0.0061,False,False
whole_substring,25.0,0.8746,18.922,61.62,2,0.0675,False,True
whole_substring,45.0,0.5283,21.561,142.628,3,0.001,False,False
whole_substring,45.0,0.5647,22.959,65.956,3,0.0289,False,True
sub_substring,45.0,0.5657,18.484,75.648,3,0.0401,False,True
sub_substring,25.0,0.5804,21.27,92.018,3,0.0708,False,True
whole_substring,45.0,0.543,22.178,107.832,2,0.0034,False,False
sub_substring,25.0,0.5766,23.91,44.736,3,0.0513,False,True
uniform,45.0,0.7979,26.436,144.03,1,0.0001,False,False
uniform,45.0,0.8244,35.373,278.663,1,0.0064,False,False
whole_substring,60.0,0.8121,25.535,145.164,1,0.0023,False,False
sub_substring,25.0,0.5395,20.064,151.168,2,0.0015,False,False
sub_substring,60.0,0.5653,26.182,51.433,3,0.027,False,True
sub_substring,60.0,0.8626,30.196,58.817,2,0.0497,False,True
sub_substring,45.0,0.559,18.616,81.025,3,0.0214,False,True
sub_substring,45.0,0.575,30.207,72.899,3,0.0431,False,True
whole_substring,60.0,0.8765,33.832,44.642,3,0.065,False,True
whole_substring,60.0,0.2434,7.241,42.938,3,0.0702,False,True
sub_substring,45.0,0.8202,29.694,176.66,2,0.0085,False,False
whole_substring,45.0,0.8715,29.536,76.565,2,0.0561,False,True
sub_substring,45.0,0.5534,17.691,126.577,2,0.0141,False,True
whole_substring,25.0,0.8732,31.176,102.359,2,0.0603,False,True
sub_substring,60.0,0.8721,31.597,62.057,3,0.0583,False,True
sub_substring,25.0,0.5781,25.089,79.789,3,0.0512,False,True
sub_substring,60.0,0.8878,27.06,42.292,3,0.0872,False,True
whole_substring,25.0,0.8892,32.126,80.811,3,0.084,False,True
whole_substring,60.0,0.8427,22.862,105.693,3,0.0245,False,True
sub_substring,60.0,0.5419,16.209,79.673,2,0.002,False,False
whole_substring,25.0,0.26,9.514,66.785,3,0.0066,False,False
sub_substring,60.0,0.8617,28.157,127.11,2,0.0509,False,True
uniform,25.0,0.8481,37.864,132.991,1,0.023,False,True
uniform,45.0,0.8442,35.429,77.364,1,0.0197,False,True
sub_substring,45.0,0.5753,18.779,77.21,3,0.0568,False,True
whole_substring,45.0,0.5593,19.026,88.909,3,0.0207,False,True
sub_substring,60.0,0.8566,27.991,79.199,2,0.0436,False,True
whole_substring,45.0,0.5898,27.45,88.742,3,0.0719,False,True
sub_substring,25.0,0.5634,24.396,154.363,2,0.0357,False,True
whole_substring,60.0,0.5252,16.02,81.869,2,0.0022,False,False
sub_substring,60.0,0.6079,18.511,40.485,3,0.1074,False,True
whole_substring,25.0,0.8853,38.207,74.76,3,0.0786,False,True
whole_substring,45.0,0.5684,15.876,32.801,3,0.0319,False,True
whole_substring,25.0,0.8651,30.654,63.862,1,0.0498,False,True
uniform,45.0,0.7995,27.804,220.465,1,0.0,False,False
uniform,25.0,0.8349,36.962,103.923,1,0.0134,False,True
uniform,60.0,0.7986,26.534,206.998,1,0.0,False,False
whole_substring,25.0,0.5413,32.898,263.419,2,0.002,False,False
sub_substring,25.0,0.8912,33.138,95.429,3,0.0851,False,True
sub_substring,60.0,0.5292,16.526,84.072,3,0.0007,False,False
sub_substring,25.0,0.2555,11.013,50.517,3,0.0185,False,True
sub_substring,60.0,0.5357,17.128,92.607,2,0.0002,False,False
sub_substring,60.0,0.8607,26.328,84.655,3,0.0469,False,True
sub_substring,25.0,0.8777,37.968,108.19,3,0.0702,False,True
uniform,60.0,0.8358,18.078,92.466,1,0.0115,False,True
whole_substring,60.0,0.8229,25.267,81.269,2,0.0071,False,False
sub_substring,25.0,0.5729,25.474,102.548,3,0.0582,False,True
sub_substring,60.0,0.573,20.882,77.283,3,0.0388,False,True
sub_substring,25.0,0.9053,38.42,152.341,3,0.0577,False,True
sub_substring,25.0,0.2523,11.882,70.954,3,0.0341,False,True
sub_substring,45.0,0.5751,20.326,59.437,3,0.0468,False,True
sub_substring,60.0,0.8409,35.473,175.285,2,0.0268,False,True
sub_substring,25.0,0.9283,32.787,44.006,3,0.1165,False,True
whole_substring,60.0,0.8644,29.122,121.345,3,0.0527,False,True
sub_substring,45.0,0.2519,9.593,50.149,3,0.0321,False,True
sub_substring,60.0,0.2506,8.027,62.495,3,0.0366,False,True
whole_substring,60.0,0.2471,10.646,93.078,3,0.0563,False,True
whole_substring,25.0,0.5537,24.53,178.217,2,0.0113,False,True
sub_substring,45.0,0.2552,9.973,64.571,3,0.018,False,True
uniform,45.0,0.8445,34.374,58.602,1,0.0193,False,True
sub_substring,45.0,0.2646,8.425,36.863,3,0.001,False,False
uniform,25.0,0.8296,36.293,190.175,1,0.0097,False,False
uniform,25.0,0.8263,30.58,170.111,1,0.008,False,False
sub_substring,60.0,0.5391,17.11,71.501,3,0.0012,False,False
whole_substring,60.0,0.8801,30.224,129.926,2,0.0709,False,True
whole_substring,25.0,0.5603,24.782,147.473,3,0.024,False,True
sub_substring,45.0,0.8901,29.159,48.259,3,0.079,False,True
uniform,60.0,0.7684,24.471,165.259,1,0.0121,False,True
uniform,45.0,0.8179,31.645,177.175,1,0.0031,False,False
whole_substring,60.0,0.8297,22.615,118.21,2,0.0126,False,True
uniform,45.0,0.8027,27.48,182.917,1,0.0001,False,False
uniform,25.0,0.8182,36.749,222.968,1,0.0041,False,False
uniform,60.0,0.7893,25.082,125.36,1,0.0014,False,False
whole_substring,60.0,0.5617,23.456,89.698,3,0.0246,False,True
whole_substring,25.0,0.8392,37.804,222.868,2,0.0285,False,True
whole_substring,45.0,0.8901,36.97,85.449,3,0.081,False,True
whole_substring,60.0,0.8698,30.868,106.527,3,0.0589,False,True
whole_substring,45.0,0.54,19.146,113.153,2,0.0016,False,False
sub_substring,25.0,0.2591,12.032,83.713,3,0.0089,False,False
sub_substring,25.0,0.2442,6.987,43.345,3,0.0954,False,True
sub_substring,45.0,0.8977,36.406,81.624,3,0.0893,False,True
sub_substring,60.0,0.5308,13.561,27.969,2,0.0002,False,False
whole_substring,60.0,0.8635,32.088,118.525,3,0.0481,False,True
whole_substring,60.0,0.8304,25.491,152.458,2,0.0135,False,True
whole_substring,45.0,0.235,6.948,52.092,3,0.0688,True,True
uniform,60.0,0.8237,29.68,37.338,1,0.0056,False,False
uniform,25.0,0.83,37.066,257.97,1,0.0108,False,True
whole_substring,45.0,0.5805,24.567,86.42,3,0.0439,True,True
whole_substring,60.0,0.8061,31.296,189.421,3,0.0007,False,False
sub_substring,45.0,0.5443,18.402,105.916,2,0.0038,False,False
sub_substring,45.0,0.5217,20.778,120.615,2,0.0049,False,False
sub_substring,25.0,0.2627,10.963,47.881,3,0.0022,False,False
sub_substring,45.0,0.9127,38.684,103.161,3,0.115,False,True
uniform,25.0,0.8028,29.357,208.013,1,0.0001,False,False
uniform,60.0,0.824,32.261,127.051,1,0.0058,False,False
sub_substring,45.0,0.8883,36.511,135.611,3,0.0886,False,True
whole_substring,25.0,0.8761,52.319,198.515,2,0.0617,False,True
sub_substring,45.0,0.9244,30.167,40.177,3,0.0858,True,True
whole_substring,45.0,0.892,34.888,31.829,2,0.0853,False,True
sub_substring,45.0,0.5455,15.361,36.506,2,0.0039,False,False
sub_substring,25.0,0.2554,10.803,75.349,3,0.0185,False,True
sub_substring,45.0,0.5572,18.723,55.954,3,0.02,False,True
whole_substring,60.0,0.8552,31.779,91.932,2,0.0362,False,True
whole_substring,60.0,0.8534,41.441,50.315,2,0.0323,False,True
whole_substring,60.0,0.5486,20.214,60.115,2,0.0072,False,False
sub_substring,60.0,0.5413,16.604,67.522,3,0.0024,False,False
whole_substring,45.0,0.8416,26.933,55.122,1,0.0239,False,True
uniform,25.0,0.8155,30.964,200.728,1,0.0032,False,False
sub_substring,25.0,0.8736,33.095,183.906,2,0.0615,False,True
whole_substring,45.0,0.8354,28.144,137.917,2,0.019,False,True
sub_substring,45.0,0.2429,8.01,52.773,3,0.0902,False,True
uniform,60.0,0.814,37.538,40.346,1,0.002,False,False
whole_substring,45.0,0.58,23.423,50.889,3,0.0534,False,True
whole_substring,60.0,0.5703,19.162,69.523,3,0.0386,False,True
uniform,45.0,0.8134,29.283,175.671,1,0.0021,False,False
sub_substring,60.0,0.8787,43.423,81.061,3,0.0774,False,True
sub_substring,45.0,0.2457,7.95,51.492,3,0.0629,False,True
whole_substring,25.0,0.8854,32.42,84.339,3,0.0764,False,True
whole_substring,45.0,0.2385,7.809,58.009,3,0.112,False,True
uniform,45.0,0.8303,26.409,28.469,1,0.009,False,False
uniform,45.0,0.8352,26.958,87.319,1,0.0127,False,True
sub_substring,25.0,0.8452,31.802,176.54,1,0.0303,False,True
whole_substring,45.0,0.5402,17.988,117.597,2,0.0012,False,False
whole_substring,45.0,0.8695,33.637,115.278,3,0.0517,False,True
whole_substring,60.0,0.2476,7.239,28.625,2,0.0485,False,True
whole_substring,25.0,0.81,30.278,227.284,1,0.0014,False,False
sub_substring,60.0,0.5676,21.29,48.623,3,0.0327,False,True
whole_substring,60.0,0.8712,69.592,275.632,2,0.0589,False,True
